1000,Bruxelles,4.35,50.85
1020,Laeken,4.3580002,50.884218
1030,Schaerbeek,4.37727,50.86744
1040,Etterbeek,4.388949,50.832177
1050,Ixelles,4.3666294,50.8333432
1060,Saint-Gilles,4.3402184,50.8301436
1070,Anderlecht,4.308187,50.8365808
1080,Molenbeek-Saint-Jean,4.3193694,50.8569755
1081,Koekelberg,4.330334,50.859029
1082,Berchem-Sainte-Agathe,4.295748,50.865341
1083,Ganshoren,4.30253,50.87113
1090,Jette,4.3333333,50.8666667
1120,Neder-Over-Heembeek,4.37188,50.89622
1130,Haren,4.41675,50.89562
1140,Evere,4.399615,50.874464
1150,Woluwe-Saint-Pierre,4.4494347,50.8286387
1160,Auderghem,4.425082,50.817175
1170,Watermael-Boitsfort,4.42436,50.79749
1180,Uccle,4.3333333,50.8
1190,Forest,4.3166667,50.8
1200,Woluwe-Saint-Lambert,4.423892,50.842365
1210,Saint-Josse-Ten-Noode,4.3704657,50.8537715
1300,Limal,4.5732954,50.6934506
1300,Wavre,4.6128257,50.7158951
1301,Bierges,4.5871684,50.7113795
1310,La Hulpe,4.4856707,50.7309955
1315,Glimes,4.83774,50.6796
1315,Incourt,4.7966,50.69188
1315,Opprebais,4.79819,50.67946
1315,Piètrebais,4.76381,50.72796
1315,Roux-Miroir,4.78513,50.70811
1320,Beauvechain,4.768333,50.75861
1320,Hamme-Mille,4.71694,50.77953
1320,L'ecluse,4.83183,50.77184
1320,Nodebais,4.73555,50.77319
1320,Tourinnes-La-Grosse,4.74445,50.78281
1325,Bonlez,4.68948,50.70193
1325,Chaumont-Gistoux,4.71943,50.67687
1325,Corroy-Le-Grand,4.67458,50.66206
1325,Dion-Valmont,4.6588254,50.6974838
1325,Longueville,4.74014,50.70231
1330,Rixensart,4.5306325,50.7109736
1331,Rosières,4.54441,50.73015
1332,Genval,4.49388,50.7211
1340,Ottignies,4.5669046,50.665465
1341,Céroux-Mousty,4.5204882,50.660369
1342,Limelette,4.571335,50.6846872
1348,Louvain-La-Neuve,4.6118324,50.668081
1350,Enines,4.92655,50.69366
1350,Folx-Les-Caves,4.9376,50.66042
1350,Jandrain-Jandrenouille,4.97969,50.67368
1350,Jauche,4.9547,50.68298
1350,Marilles,4.95274,50.70716
1350,Noduwez,4.9638247,50.7296034
1350,Orp-Le-Grand,4.990742,50.7038
1357,Linsmeau,5.0029743,50.7335692
1357,Neerheylissem,4.9872002,50.7551532
1357,Opheylissem,4.9774665,50.7477492
1360,Malèves-Sainte-Marie-Wastines,4.7925,50.6594444
1360,Orbais,4.76323,50.63757
1360,Perwez,4.81503,50.62395
1360,Thorembais-Les-Béguines,4.81728,50.65799
1360,Thorembais-Saint-Trond,4.78646,50.63465
1367,Autre-Eglise,4.90375,50.66926
1367,Bomal,4.87332,50.6711
1367,Geest-Gérompont-Petit-Rosière,4.85744,50.64088
1367,Gérompont,4.88169,50.64847
1367,Grand-Rosière-Hottomont,4.8661554,50.6319864
1367,Huppaye,4.89383,50.69347
1367,Mont-Saint-André,4.86451,50.65524
1367,Ramillies,4.91451,50.63679
1370,Dongelberg,4.82007,50.70338
1370,Jauchelette,4.84358,50.68631
1370,Jodoigne,4.87115,50.72336
1370,Jodoigne-Souveraine,4.83678,50.70898
1370,Lathuy,4.82613,50.72366
1370,Mélin,4.82852,50.73979
1370,Piétrain,4.9207,50.72476
1370,Saint-Jean-Geest,4.89548,50.73964
1370,Saint-Remy-Geest,4.86019,50.74636
1370,Zétrud-Lumay,4.8859,50.75792
1380,Couture-Saint-Germain,4.47252,50.67502
1380,Lasne-Chapelle-Saint-Lambert,4.4947222,50.6916667
1380,Maransart,4.46745,50.65953
1380,Ohain,4.46919,50.69907
1380,Plancenoit,4.42863,50.66196
1390,Archennes,4.669868,50.7524768
1390,Biez,4.7019841,50.7267436
1390,Bossut-Gottechain,4.6941056,50.7613181
1390,Grez-Doiceau,4.6972809,50.7385816
1390,Nethen,4.6741168,50.7837825
1400,Monstreux,4.28884,50.59803
1400,Nivelles,4.3308649,50.5886574
1401,Baulers,4.35387,50.61341
1402,Thines,4.36846,50.59734
1404,Bornival,4.2762763,50.6011653
1410,Waterloo,4.3991,50.71469
1420,Braine-L'alleud,4.3538379,50.6969022
1421,Ophain-Bois-Seigneur-Isaac,4.34886,50.66642
1428,Lillois-Witterzée,4.36712,50.64567
1430,Bierghes,4.1195104,50.6956998
1430,Quenast,4.157332,50.6729162
1430,Rebecq-Rognon,4.1326563,50.6659293
1435,Corbais,4.6553809,50.6462709
1435,Hévillers,4.6154602,50.6215801
1435,Mont-Saint-Guibert,4.6107385,50.6348554
1440,Braine-Le-Château,4.2689347,50.6802986
1440,Wauthier-Braine,4.29806,50.68121
1450,Chastre-Villeroux-Blanmont,4.6191667,50.6055556
1450,Cortil-Noirmont,4.64284,50.58136
1450,Gentinnes,4.6012217,50.581655
1450,Saint-Géry,4.6124318,50.5804909
1457,Nil-Saint-Vincent-Saint-Martin,4.67982,50.64214
1457,Tourinnes-Saint-Lambert,4.72389,50.63932
1457,Walhain-Saint-Paul,4.6947222,50.6180556
1460,Ittre,4.2632352,50.6326887
1460,Virginal-Samme,4.20587,50.63983
1461,Haut-Ittre,4.29825,50.65357
1470,Baisy-Thy,4.4760976,50.5969876
1470,Bousval,4.5051441,50.6149444
1470,Genappe,4.4503759,50.6108278
1471,Loupoigne,4.4445799,50.5978099
1472,Vieux-Genappe,4.4405969,50.6082918
1473,Glabais,4.4532789,50.6302595
1474,Ways,4.4644969,50.6104429
1476,Houtain-Le-Val,4.4113773,50.5829629
1480,Clabecq,4.22163,50.69212
1480,Oisquercq,4.21985,50.66989
1480,Saintes,4.15817,50.70615
1480,Tubize,4.2026,50.69054
1490,Court-Saint-Etienne,4.5680813,50.6422504
1495,Marbais,4.50053,50.56535
1495,Mellery,4.5688539,50.5816873
1495,Sart-Dames-Avelines,4.4917395,50.5685048
1495,Tilly,4.5490482,50.5614355
1495,Villers-La-Ville,4.5166667,50.5666667
1500,Halle,4.2349129,50.7324848
1501,Buizingen,4.263916,50.7392326
1502,Lembeek,4.2200436,50.7140616
1540,Herfelingen,4.0998655,50.7477711
1540,Herne,4.0536565,50.7233164
1541,Sint-Pieters-Kapelle,3.9899741,50.7070524
1547,Biévène,3.9333333,50.7166667
1560,Hoeilaart,4.4740458,50.7674863
1570,Galmaarden,3.9709758,50.7529396
1570,Tollembeek,4.006775,50.7410978
1570,Vollezele,4.0252744,50.7607201
1600,Oudenaken,4.19938,50.78068
1600,Sint-Laureins-Berchem,4.19938,50.78681
1600,Sint-Pieters-Leeuw,4.242743,50.7842441
1601,Ruisbroek,4.29862,50.79035
1602,Vlezenbeek,4.23213,50.80785
1620,Drogenbos,4.3166667,50.7833333
1630,Linkebeek,4.3333333,50.7666667
1640,Rhode-Saint-Genèse,4.35753,50.74594
1650,Beersel,4.3120069,50.7686913
1651,Lot,4.27707,50.76778
1652,Alsemberg,4.33613,50.74163
1653,Dworp,4.30109,50.72949
1654,Huizingen,4.27369,50.74657
1670,Bogaarden,4.13632,50.74
1670,Heikruis,4.11211,50.73504
1670,Pepingen,4.1360863,50.7360287
1671,Elingen,4.17119,50.77926
1673,Beert,4.18184,50.74103
1674,Bellingen,4.15399,50.7408
1700,Dilbeek,4.2620632,50.8464512
1700,Sint-Martens-Bodegem,4.2128916,50.8614672
1700,Sint-Ulriks-Kapelle,4.2182047,50.8790042
1701,Itterbeek,4.2500689,50.8381387
1702,Groot-Bijgaarden,4.2500012,50.8719066
1703,Schepdaal,4.1958272,50.8383485
1730,Asse,4.2048959,50.9054755
1730,Bekkerzeel,4.23803,50.88523
1730,Kobbegem,4.25104,50.90862
1730,Mollem,4.22636,50.9313
1731,Relegem,4.27702,50.89908
1731,Zellik,4.27401,50.88449
1740,Ternat,4.1808317,50.8698353
1741,Wambeek,4.1628356,50.8532484
1742,Sint-Katherina-Lombeek,4.1559883,50.8732586
1745,Mazenzele,4.1711583,50.942789
1745,Opwijk,4.1833333,50.9666667
1750,Gaasbeek,4.18893,50.79987
1750,Sint-Kwintens-Lennik,4.15481,50.80422
1750,Sint-Martens-Lennik,4.17082,50.81274
1755,Gooik,4.1180489,50.7952811
1755,Kester,4.11935,50.76428
1755,Leerbeek,4.11943,50.77787
1755,Oetingen,4.06312,50.77347
1760,Onze-Lieve-Vrouw-Lombeek,4.1101502,50.8197588
1760,Pamel,4.07101,50.84495
1760,Roosdaal,4.0879776,50.8314294
1760,Strijtem,4.1173658,50.8412507
1761,Borchtlombeek,4.139768,50.8475374
1770,Liedekerke,4.08729,50.86891
1780,Wemmel,4.30096,50.91032
1785,Brussegem,4.26608,50.92574
1785,Hamme,4.28061,50.92042
1785,Merchtem,4.23244,50.95842
1790,Affligem,4.11281,50.9084
1790,Essene,4.1364265,50.9015743
1790,Hekelgem,4.1084956,50.9072267
1790,Teralfene,4.0987022,50.8922688
1800,Peutie,4.45188,50.92847
1800,Vilvoorde,4.424078,50.927262
1804,Cargovil,4.427268,50.947259
1820,Melsbroek,4.47846,50.91512
1820,Perk,4.49592,50.93488
1820,Steenokkerzeel,4.51349,50.90793
1830,Machelen,4.4376749,50.9125185
1831,Diegem,4.4346964,50.8976668
1840,Londerzeel,4.3026,51.00311
1840,Malderen,4.24629,51.02033
1840,Steenhuffel,4.26716,50.99577
1850,Grimbergen,4.3785596,50.9356235
1851,Humbeek,4.3795118,50.9672327
1852,Beigem,4.3660653,50.9528364
1853,Strombeek-Bever,4.35564,50.9103739
1860,Meise,4.3302827,50.9478621
1861,Wolvertem,4.30927,50.95088
1880,Kapelle-Op-Den-Bos,4.35541,51.01324
1880,Nieuwenrode,4.35229,50.97857
1880,Ramsdonk,4.33519,51.01483
1910,Berg,4.5377032,50.9316005
1910,Buken,4.6169484,50.9403268
1910,Kampenhout,4.5605498,50.9338827
1910,Nederokkerzeel,4.5633033,50.9204108
1930,Nossegem,4.5074739,50.8781921
1930,Zaventem,4.4826212,50.8795024
1931,Brucargo,4.452214,50.903293
1932,Sint-Stevens-Woluwe,4.4502354,50.8691972
1933,Sterrebeek,4.5161823,50.8632635
1950,Kraainem,4.4592974,50.8610856
1970,Wezembeek-Oppem,4.50848,50.83854
1980,Eppegem,4.4544329,50.9621231
1980,Zemst,4.455834,50.985535
1981,Hofstade,4.4924542,50.9916699
1982,Elewijt,4.4964542,50.9618503
1982,Weerde,4.4793294,50.9721843
2000,Antwerpen,4.4011356,51.2198771
2018,Antwerpen,4.4112637,51.2037695
2020,Antwerpen,4.3836284,51.1890846
2030,Antwerpen,4.3624604,51.2763963
2040,Antwerpen,4.2964605,51.3418306
2040,Berendrecht,4.31409,51.34287
2040,Lillo,4.2891667,51.3041667
2040,Zandvliet,4.30716,51.35965
2050,Antwerpen,4.3740221,51.2287575
2060,Antwerpen,4.4279883,51.2293515
2070,Burcht,4.34148,51.20367
2070,Zwijndrecht,4.330139,51.217122
2099,Antwerpen X,4.4347674,51.2194372
2100,Deurne,4.4648012,51.2207104
2110,Wijnegem,4.526002,51.228805
2140,Borgerhout,4.4405633,51.213847
2150,Borsbeek,4.481594,51.194179
2160,Wommelgem,4.5219648,51.2021676
2170,Merksem,4.448539,51.2512741
2180,Ekeren,4.4184495,51.2807314
2200,Herentals,4.8355946,51.1768541
2200,Morkhoven,4.8207292,51.1200863
2200,Noorderwijk,4.8388348,51.1393923
2220,Hallaar,4.73293,51.08464
2220,Heist-Op-Den-Berg,4.7210601,51.0633847
2221,Booischot,4.77523,51.05151
2222,Itegem,4.72927,51.10321
2222,Wiekevorst,4.7944915,51.10914
2223,Schriek,4.69272,51.02745
2230,Herselt,4.88068,51.05238
2230,Ramsel,4.8328,51.03211
2235,Houtvenne,4.80894,51.04208
2235,Hulshout,4.816508,51.0647242
2235,Westmeerbeek,4.8351,51.06032
2240,Massenhoven,4.6364247,51.1986273
2240,Viersel,4.6523097,51.1890184
2240,Zandhoven,4.6554212,51.2021793
2242,Pulderbos,4.6919,51.2165685
2243,Pulle,4.7137397,51.2032977
2250,Olen,4.8599119,51.1440245
2260,Oevel,4.90411,51.13822
2260,Tongerlo,4.91565,51.10533
2260,Westerlo,4.8941289,51.1086092
2260,Zoerle-Parwijs,4.86894,51.08879
2270,Herenthout,4.7564892,51.1394506
2275,Gierle,4.8677063,51.2671512
2275,Lille,4.8232254,51.2420452
2275,Poederlee,4.8353147,51.2263125
2275,Wechelderzande,4.7869444,51.2608333
2280,Grobbendonk,4.7349959,51.1832616
2288,Bouwel,4.7420582,51.1719684
2290,Vorselaar,4.7708827,51.2025247
2300,Turnhout,4.9375577,51.3216509
2310,Rijkevorsel,4.7596963,51.3659707
2320,Hoogstraten,4.7468218,51.403297
2321,Meer,4.7383,51.4456
2322,Minderhout,4.76339,51.41654
2323,Wortel,4.79475,51.39751
2328,Meerle,4.803769,51.4733516
2330,Merksplas,4.8652677,51.3826651
2340,Beerse,4.85482,51.31949
2340,Vlimmeren,4.7820454,51.2971394
2350,Vosselaar,4.8834494,51.3030836
2360,Oud-Turnhout,4.982845,51.3177601
2370,Arendonk,5.0863348,51.322049
2380,Ravels,5.0185568,51.3762015
2381,Weelde,4.9908357,51.406763
2382,Poppel,5.0431801,51.4471741
2387,Baarle-Hertog,4.8933004,51.4069842
2390,Malle,4.7236195,51.3043858
2390,Oostmalle,4.7337542,51.301137
2390,Westmalle,4.6942633,51.2968136
2400,Mol,5.1170647,51.191087
2430,Eindhout,4.9997,51.10334
2430,Vorst,5.02024,51.07973
2431,Varendonk,4.9513,51.08397
2431,Veerle,4.98721,51.06994
2440,Geel,4.99084,51.16257
2450,Meerhout,5.07708,51.13219
2460,Kasterlee,4.9706297,51.2521656
2460,Lichtaart,4.916926,51.2246769
2460,Tielen,4.8976789,51.2434976
2470,Retie,5.0842508,51.2669664
2480,Dessel,5.11269,51.23985
2490,Balen,5.2100666,51.1578305
2491,Olmen,5.160699,51.1338157
2500,Koningshooikt,4.61011,51.09522
2500,Lier,4.5715092,51.1302138
2520,Broechem,4.6020124,51.1813334
2520,Emblem,4.605068,51.1620413
2520,Oelegem,4.5997149,51.2129972
2520,Ranst,4.5609095,51.189094
2530,Boechout,4.49717,51.1664397
2531,Vremde,4.52311,51.17486
2540,Hove,4.4785055,51.1488217
2547,Lint,4.49669,51.12723
2550,Kontich,4.4448202,51.1352235
2550,Waarloos,4.4546959,51.105061
2560,Bevel,4.68038,51.13774
2560,Kessel,4.62968,51.13915
2560,Nijlen,4.6701183,51.1610248
2570,Duffel,4.5051426,51.0980628
2580,Beerzel,4.66764,51.05786
2580,Putte,4.62867,51.05476
2590,Berlaar,4.6633008,51.097099
2590,Gestel,4.67316,51.1284
2600,Berchem,4.4188392,51.1955771
2610,Wilrijk,4.3942868,51.1683102
2620,Hemiksem,4.33834,51.14518
2627,Schelle,4.341279,51.125843
2630,Aartselaar,4.3833333,51.1333333
2640,Mortsel,4.4665225,51.1728522
2650,Edegem,4.4333333,51.15
2660,Hoboken,4.348033,51.176037
2800,Mechelen,4.4775365,51.0258791
2800,Walem,4.4572147,51.0676813
2801,Heffen,4.4137291,51.0468914
2811,Hombeek,4.4427697,51.014356
2811,Leest,4.4176682,51.0328978
2812,Muizen,4.5157593,51.0103798
2820,Bonheiden,4.54803,51.02221
2820,Rijmenam,4.5902677,51.0037609
2830,Blaasveld,4.37719,51.05583
2830,Heindonk,4.40756,51.0673
2830,Tisselt,4.35717,51.03437
2830,Willebroek,4.3801407,51.066187
2840,Reet,4.4125882,51.1011334
2840,Rumst,4.425129,51.077944
2840,Terhagen,4.3992612,51.0791977
2845,Niel,4.3329557,51.1071825
2850,Boom,4.36633,51.08608
2860,Sint-Katelijne-Waver,4.53136,51.07045
2861,Onze-Lieve-Vrouw-Waver,4.5754857,51.0639394
2870,Breendonk,4.32204,51.04309
2870,Liezele,4.28023,51.06082
2870,Puurs,4.28925,51.075
2870,Ruisbroek,4.33107,51.08799
2880,Bornem,4.2403722,51.0995531
2880,Hingene,4.2687874,51.1032985
2880,Mariekerke,4.1923418,51.0634883
2880,Weert,4.190123,51.1034075
2890,Lippelo,4.2586,51.04215
2890,Oppuurs,4.24199,51.06607
2890,Sint-Amands,4.20946,51.05595
2900,Schoten,4.4977063,51.2497532
2910,Essen,4.46844,51.46776
2920,Kalmthout,4.47518,51.38298
2930,Brasschaat,4.49419,51.29227
2940,Hoevenen,4.4047295,51.3061855
2940,Stabroek,4.371689,51.334729
2950,Kapellen,4.42974,51.312
2960,Brecht,4.6377227,51.3496533
2960,Sint-Job-In-'t-Goor,4.5732,51.29827
2960,Sint-Lenaarts,4.67703,51.34869
2970,'s Gravenwezel,4.56096,51.26292
2970,Schilde,4.5834231,51.2407352
2980,Halle,4.6465058,51.2398459
2980,Zoersel,4.7125694,51.2682227
2990,Loenhout,4.6432288,51.3990063
2990,Wuustwezel,4.5912302,51.389404
3000,Leuven,4.6967578,50.8815197
3001,Heverlee,4.69594,50.86386
3010,Kessel Lo,4.73571,50.88514
3012,Wilsele,4.69451,50.89047
3018,Wijgmaal,4.70195,50.92624
3020,Herent,4.670524,50.908172
3020,Veltem-Beisem,4.620825,50.9063184
3020,Winksele,4.6435179,50.8974666
3040,Huldenberg,4.5880687,50.7885995
3040,Loonbeek,4.61029,50.80972
3040,Neerijse,4.62345,50.81743
3040,Ottenburg,4.61579,50.75199
3040,Sint-Agatha-Rode,4.63408,50.78559
3050,Oud-Heverlee,4.659534,50.8282606
3051,Sint-Joris-Weert,4.6528755,50.8027501
3052,Blanden,4.70916,50.82558
3053,Haasrode,4.72988,50.83159
3054,Vaalbeek,4.68938,50.82553
3060,Bertem,4.6307637,50.8632924
3060,Korbeek-Dijle,4.6382,50.83807
3061,Leefdaal,4.5939,50.84866
3070,Kortenberg,4.536917,50.8852298
3071,Erps-Kwerps,4.5607782,50.9006097
3078,Everberg,4.5712345,50.8788296
3078,Meerbeek,4.5892898,50.8818641
3080,Duisburg,4.55184,50.81569
3080,Tervuren,4.50775,50.82595
3080,Vossem,4.56026,50.83577
3090,Overijse,4.53475,50.77381
3110,Rotselaar,4.7215113,50.9535967
3111,Wezemaal,4.75541,50.9482
3118,Werchter,4.70007,50.97278
3120,Tremelo,4.7159551,50.9956159
3128,Baal,4.75304,50.99555
3130,Begijnendijk,4.78263,51.0188
3130,Betekom,4.7817,50.98566
3140,Keerbergen,4.6320416,51.0057936
3150,Haacht,4.64134,50.97894
3150,Tildonk,4.64449,50.94327
3150,Wespelaar,4.63884,50.95991
3190,Boortmeerbeek,4.5744373,50.9803397
3191,Hever,4.55135,50.995
3200,Aarschot,4.827381,50.9806151
3200,Gelrode,4.80272,50.96548
3201,Langdorp,4.87083,50.99531
3202,Rillaar,4.89422,50.97438
3210,Linden,4.77215,50.89393
3210,Lubbeek,4.8292252,50.8813339
3211,Binkom,4.88439,50.87119
3212,Pellenberg,4.79603,50.87116
3220,Holsbeek,4.7861502,50.9248584
3220,Kortrijk-Dutsel,4.8055097,50.9266825
3220,Sint-Pieters-Rode,4.82057,50.93239
3221,Nieuwrode,4.83339,50.94955
3270,Scherpenheuvel,4.9785767,50.9742707
3271,Averbode,4.977454,51.0305467
3271,Zichem,4.9830118,51.0006721
3272,Messelbroek,4.9274801,50.9933331
3272,Testelt,4.9549334,51.016921
3290,Deurne,5.09648,51.03936
3290,Diest,5.0852169,51.0010401
3290,Schaffen,5.08484,50.99975
3290,Webbekom,5.0720072,50.9722766
3293,Kaggevinne,5.01896,50.97937
3294,Molenstede,5.01347,51.00378
3300,Bost,4.94063,50.78839
3300,Goetsenhoven,4.95114,50.76781
3300,Hakendover,4.98525,50.79706
3300,Kumtich,4.88742,50.82246
3300,Oorbeek,4.8924,50.79811
3300,Oplinter,4.98757,50.82923
3300,Sint-Margriete-Houtem,4.95539,50.82836
3300,Tienen,4.93622,50.81057
3300,Vissenaken,4.90484,50.83768
3320,Hoegaarden,4.8685676,50.7806488
3320,Meldert,4.83772,50.78801
3321,Outgaarden,4.91793,50.76521
3350,Drieslinter,5.05048,50.84605
3350,Linter,5.03661,50.84151
3350,Melkwezer,5.0613545,50.8252947
3350,Neerhespen,5.0548854,50.7918055
3350,Neerlinter,5.022197,50.8398055
3350,Orsmaal-Gussenhoven,5.05498,50.8014
3350,Overhespen,5.0360799,50.7954085
3350,Wommersom,5.017952,50.8134204
3360,Bierbeek,4.75981,50.8279
3360,Korbeek-Lo,4.76269,50.86019
3360,Lovenjoel,4.78148,50.85813
3360,Opvelp,4.79333,50.81009
3370,Boutersem,4.83471,50.84109
3370,Kerkom,4.87451,50.85519
3370,Neervelp,4.80811,50.821
3370,Roosbeek,4.86231,50.83564
3370,Vertrijk,4.83455,50.82976
3370,Willebringen,4.84491,50.81281
3380,Bunsbeek,4.9426464,50.842165
3380,Glabbeek,4.9583256,50.8602725
3381,Kapellen,4.9501898,50.8852681
3384,Attenrode,4.9242614,50.8771186
3390,Houwaart,4.8580637,50.9328147
3390,Sint-Joris-Winge,4.8768396,50.9077298
3390,Tielt,4.9046956,50.940892
3391,Meensel-Kiezegem,4.9257825,50.8964842
3400,Eliksem,5.00968,50.78487
3400,Ezemaal,5.00016,50.77609
3400,Laar,5.02572,50.77158
3400,Landen,5.042102,50.7628602
3400,Neerwinden,5.04434,50.76616
3400,Overwinden,5.0489,50.75318
3400,Rumsdorp,5.07623,50.76619
3400,Wange,5.03176,50.78598
3401,Waasmont,5.06231,50.72724
3401,Walsbets,5.08528,50.73723
3401,Walshoutem,5.09553,50.72373
3401,Wezeren,5.10485,50.73008
3404,Attenhoven,5.09308,50.76652
3404,Neerlanden,5.07901,50.77812
3440,Budingen,5.09811,50.8654
3440,Dormaal,5.0985,50.80722
3440,Halle-Booienhoven,5.11168,50.80475
3440,Helen-Bos,5.0822,50.81823
3440,Zoutleeuw,5.10442,50.83231
3450,Geetbets,5.1095641,50.8902757
3450,Grazen,5.1308353,50.8752077
3454,Rummen,5.1656281,50.8889069
3460,Assent,5.0159442,50.9526086
3460,Bekkevoort,4.985641,50.9426234
3461,Molenbeek-Wersbeek,4.9415359,50.9184738
3470,Kortenaken,5.0663974,50.8973765
3470,Ransberg,5.0377616,50.8743562
3470,Sint-Margriete-Houtem,3.2790522,50.8128004
3471,Hoeleden,4.9869044,50.8681697
3472,Kersbeek-Miskom,4.9958008,50.8858124
3473,Waanrode,5.004692,50.9161837
3500,Hasselt,5.3447405,50.9215166
3500,Sint-Lambrechts-Herk,5.30741,50.89841
3501,Wimmertingen,5.35242,50.88411
3510,Kermt,5.24676,50.94767
3510,Spalbeek,5.2247223,50.9486672
3511,Kuringen,5.29789,50.94387
3511,Stokrooie,5.28134,50.96619
3512,Stevoort,5.25316,50.9183
3520,Zonhoven,5.36716,50.98707
3530,Helchteren,5.3826921,51.0565512
3530,Houthalen,5.3763541,51.0314627
3540,Berbroek,5.2083451,50.9503306
3540,Donk,5.1344391,50.9382225
3540,Herk-De-Stad,5.16712,50.93923
3540,Schulen,5.1904844,50.959958
3545,Halen,5.11117,50.9485
3545,Loksbergen,5.0695638,50.9342585
3545,Zelem,5.1057744,50.9781579
3550,Heusden,5.3097324,51.0229535
3550,Heusden-Zolder,5.2904127,51.0384819
3550,Zolder,5.3097324,51.0229535
3560,Linkhout,5.13687,50.96812
3560,Lummen,5.19511,50.98761
3560,Meldert,5.1418,50.99867
3570,Alken,5.30767,50.87609
3580,Beringen,5.2214769,51.0473373
3581,Beverlo,5.21898,51.0873
3582,Koersel,5.27176,51.05844
3583,Paal,5.17165,51.03953
3590,Diepenbeek,5.41336,50.91083
3600,Genk,5.5021,50.96613
3620,Gellik,5.6103183,50.8839114
3620,Lanaken,5.6398572,50.8919602
3620,Neerharen,5.6808314,50.9088851
3620,Veldwezelt,5.6305961,50.8677788
3621,Rekem,5.6957272,50.9224749
3630,Eisden,5.7140769,50.9854566
3630,Leut,5.7350908,50.9900244
3630,Maasmechelen,5.6619185,50.969278
3630,Mechelen-Aan-De-Maas,5.7018567,50.9797588
3630,Meeswijk,5.6619185,50.969278
3630,Opgrimbie,5.6809579,50.9432913
3630,Vucht,5.7106715,50.9787264
3631,Boorsem,5.7197843,50.9408237
3631,Uikhoven,5.7183356,50.923677
3640,Kessenich,5.82297,51.15142
3640,Kinrooi,5.74113,51.14552
3640,Molenbeersel,5.73758,51.17002
3640,Ophoven,5.80204,51.12559
3650,Dilsen,5.72215,51.03747
3650,Dilsen-Stokkem,5.7166667,51.0333333
3650,Elen,5.75083,51.06655
3650,Lanklaar,5.7262,51.0188
3650,Rotem,5.74118,51.05297
3650,Stokkem,5.74418,51.02364
3660,Opglabbeek,5.58412,51.04316
3665,As,5.5715438,50.9997751
3668,Niel-Bij-As,5.6045057,51.0176272
3670,Ellikom,5.52366,51.12719
3670,Gruitrode,5.58969,51.08999
3670,Meeuwen,5.5205,51.09867
3670,Neerglabbeek,5.61676,51.09144
3670,Wijshagen,5.55881,51.10461
3680,Maaseik,5.7837625,51.0983909
3680,Neeroeteren,5.6995386,51.0918046
3680,Opoeteren,5.6594443,51.0675622
3690,Zutendaal,5.57227,50.93196
3700,'s Herenelderen,5.5032825,50.8089063
3700,Berg,5.49494,50.79183
3700,Diets-Heur,5.4828472,50.7453303
3700,Haren,5.4020478,50.7979251
3700,Henis,5.47122,50.7992
3700,Kolmont,5.42373,50.8041
3700,Koninksem,5.43997,50.76531
3700,Lauw,5.4148753,50.7392355
3700,Mal,5.5214638,50.7684738
3700,Neerrepen,5.444214,50.8110492
3700,Nerem,5.5104893,50.7649963
3700,Overrepen,5.4315896,50.8070423
3700,Piringen,5.4178871,50.7864119
3700,Riksingen,5.4632976,50.8051007
3700,Rutten,5.4423901,50.7478825
3700,Sluizen,5.5314429,50.7653436
3700,Tongeren,5.47449,50.78419
3700,Vreren,5.4974649,50.7515842
3700,Widooie,5.4084338,50.7713726
3717,Herstappe,5.426,50.72653
3720,Kortessem,5.3781216,50.8625531
3721,Vliermaalroot,5.4240097,50.8637784
3722,Wintershoven,5.41968,50.85263
3723,Guigoven,5.399157,50.8390899
3724,Vliermaal,5.4289047,50.8394948
3730,Hoeselt,5.4911243,50.8497352
3730,Romershoven,5.4598837,50.855984
3730,Sint-Huibrechts-Hern,5.4492483,50.82985
3730,Werm,5.4802846,50.8328482
3732,Schalkhoven,5.4495653,50.8414306
3740,Beverst,5.475171,50.8902246
3740,Bilzen,5.5166463,50.8719054
3740,Eigenbilzen,5.5746355,50.8746121
3740,Grote-Spouwen,5.5519685,50.8315692
3740,Hees,5.609372,50.8466302
3740,Kleine-Spouwen,5.5483654,50.8381087
3740,Mopertingen,5.5756295,50.8606327
3740,Munsterbilzen,5.5261669,50.8897326
3740,Rijkhoven,5.5150984,50.8329777
3740,Rosmeer,5.5806307,50.8456546
3740,Waltwilder,5.5441802,50.8658211
3742,Martenslinde,5.5332305,50.8565985
3746,Hoelbeek,5.5564999,50.8718626
3770,Genoelselderen,5.538845,50.80297
3770,Herderen,5.5723296,50.8065724
3770,Kanne,5.6693136,50.814055
3770,Membruggen,5.5343399,50.8141975
3770,Millen,5.5561104,50.7856375
3770,Riemst,5.6012328,50.8089945
3770,Val-Meer,5.59628,50.7862227
3770,Vlijtingen,5.5842906,50.8320854
3770,Vroenhoven,5.6400304,50.8263221
3770,Zichen-Zussen-Bolder,5.6245555,50.7933496
3790,Fouron-Saint-Martin,5.8122336,50.7485199
3790,Mouland,5.7134973,50.7570096
3791,Remersdaal,5.8808478,50.7315308
3792,Fouron-Saint-Pierre,5.8226791,50.738357
3793,Teuven,5.8759546,50.7518324
3798,Fouron-Le-Comte,5.76031,50.75744
3800,Aalst,5.20898,50.78166
3800,Brustem,5.22187,50.80565
3800,Engelmanshoven,5.25092,50.77134
3800,Gelinden,5.26092,50.76552
3800,Groot-Gelmen,5.26296,50.78525
3800,Halmaal,5.15574,50.80589
3800,Kerkom-Bij-Sint-Truiden,5.17787,50.77429
3800,Ordingen,5.23521,50.81285
3800,Sint-Truiden,5.2202655,50.8019192
3800,Zepperen,5.24767,50.82116
3803,Duras,5.14638,50.83552
3803,Gorsem,5.16195,50.83483
3803,Runkelen,5.15088,50.84681
3803,Wilderen,5.14136,50.81587
3806,Velm,5.13162,50.77931
3830,Berlingen,5.31121,50.81971
3830,Wellen,5.3362409,50.8436052
3831,Herten,5.3314613,50.8314067
3832,Ulbeek,5.30465,50.84381
3840,Bommershoven,5.37904,50.788
3840,Borgloon,5.34302,50.80613
3840,Broekom,5.33176,50.78238
3840,Gors-Opleeuw,5.3967118,50.8233766
3840,Gotem,5.31351,50.80515
3840,Groot-Loon,5.36338,50.79247
3840,Haren,5.39953,50.79274
3840,Hendrieken,5.32811,50.79889
3840,Hoepertingen,5.28368,50.81235
3840,Jesseren,5.38989,50.80594
3840,Kerniel,5.36368,50.81632
3840,Kolmont,5.4230892,50.8031485
3840,Kuttekoven,5.32603,50.809
3840,Rijkel,5.26083,50.80989
3840,Voort,5.31971,50.79478
3850,Binderveld,5.16481,50.8608
3850,Kozen,5.23985,50.87496
3850,Nieuwerkerken,5.18869,50.86475
3850,Wijer,5.22391,50.89838
3870,Batsheers,5.28134,50.73855
3870,Bovelingen,5.2607909,50.7393718
3870,Gutshoven,5.31713,50.77389
3870,Heers,5.30209,50.75368
3870,Heks,5.35751,50.7701
3870,Horpmaal,5.33567,50.76049
3870,Klein-Gelmen,5.27694,50.76978
3870,Mechelen-Bovelingen,5.26049,50.74054
3870,Mettekoven,5.29062,50.78103
3870,Opheers,5.29766,50.73972
3870,Rukkelingen-Loon,5.25444,50.72784
3870,Vechmaal,5.37466,50.76141
3870,Veulen,5.30578,50.76371
3890,Boekhout,5.23353,50.74568
3890,Gingelom,5.1332,50.74988
3890,Jeuk,5.20969,50.73427
3890,Kortijs,5.14944,50.70745
3890,Montenaken,5.12721,50.72101
3890,Niel-Bij-Sint-Truiden,5.14205,50.74217
3890,Vorsen,5.16858,50.70391
3891,Borlo,5.18135,50.74216
3891,Buvingen,5.17767,50.75294
3891,Mielen-Boven-Aalst,5.21497,50.75578
3891,Muizen,5.17944,50.76024
3900,Overpelt,5.4225379,51.2102694
3910,Neerpelt,5.43173,51.22724
3910,Sint-Huibrechts-Lille,5.49576,51.22251
3920,Lommel,5.3110063,51.2304193
3930,Achel,5.47953,51.25224
3930,Hamont,5.54953,51.25272
3940,Hechtel,5.3661124,51.1252349
3941,Eksel,5.3630586,51.150915
3945,Kwaadmechelen,5.14416,51.10072
3945,Oostham,5.18022,51.10373
3950,Bocholt,5.57899,51.17291
3950,Kaulille,5.52568,51.18717
3950,Reppel,5.56309,51.15506
3960,Beek,5.60359,51.1558
3960,Bree,5.59802,51.14099
3960,Gerdingen,5.5802,51.14804
3960,Opitter,5.64972,51.11657
3960,Tongerlo,5.66145,51.12856
3970,Leopoldsburg,5.250695,51.1183684
3971,Heppen,5.2285739,51.1088735
3980,Tessenderlo,5.0881938,51.0642666
3990,Grote-Brogel,5.50838,51.15435
3990,Kleine-Brogel,5.4711109,51.169724
3990,Peer,5.4536,51.1329
3990,Wijchmaal,5.41311,51.13556
4000,Glain,5.54357,50.64786
4000,Liège,5.5628874,50.6350757
4000,Rocourt,5.54583,50.67589
4020,Bressoux,5.6059,50.63994
4020,Jupille-Sur-Meuse,5.63488,50.64547
4020,Liège,5.6279411,50.6423532
4020,Wandre,5.65883,50.66715
4030,Grivegnee,5.61074,50.6216
4031,Angleur,5.59943,50.61135
4032,Chênee,5.6137,50.6122
4040,Herstal,5.628885,50.6787306
4041,Milmort,5.5922106,50.6903579
4041,Vottem,5.5784697,50.6710455
4042,Liers,5.5638281,50.693646
4050,Chaudfontaine,5.6427754,50.5896391
4051,Vaux-Sous-Chèvremont,5.6318794,50.6010507
4052,Beaufays,5.6387873,50.5586829
4053,Embourg,5.6069213,50.5903039
4099,Liège X,5.3442151,50.2310113
4100,Boncelles,5.5364671,50.5709023
4100,Seraing,5.4996297,50.5838596
4101,Jemeppe-Sur-Meuse,5.4951966,50.6175969
4102,Ougrée,5.5443411,50.6012358
4120,Ehein,5.4444311,50.5452937
4120,Rotheux-Rimière,5.4810832,50.5346824
4121,Neuville-En-Condroz,5.4511519,50.5524877
4122,Plainevaux,5.524289,50.5453134
4130,Esneux,5.5684225,50.5350365
4130,Tilff,5.5759823,50.5640699
4140,Dolembreux,5.632889,50.5360657
4140,Gomzé-Andoumont,5.689683,50.5474223
4140,Rouvreux,5.650192,50.4896684
4140,Sprimont,5.6460921,50.511565
4141,Louveigné,5.7162168,50.5302309
4160,Anthisnes,5.5198048,50.4812987
4161,Villers-Aux-Tours,5.5162168,50.4978813
4162,Hody,5.5038981,50.4864593
4163,Tavier,5.4705965,50.4963213
4170,Comblain-Au-Pont,5.562621,50.4740721
4171,Poulseur,5.5785541,50.508703
4180,Comblain-Fairon,5.5473277,50.4467427
4180,Comblain-La-Tour,5.5717044,50.4542848
4180,Hamoir,5.5492373,50.4384106
4181,Filot,5.5668,50.42654
4190,Ferrières,5.60564,50.40029
4190,My,5.57341,50.40543
4190,Vieuxville,5.54955,50.39379
4190,Werbomont,5.68396,50.38037
4190,Xhoris,5.60436,50.44549
4210,Burdinne,5.07643,50.58411
4210,Hannêche,5.04788,50.57793
4210,Lamontzée,5.09254,50.58441
4210,Marneffe,5.14674,50.58038
4210,Oteppe,5.1265557,50.5805489
4217,Héron,5.0922925,50.5526795
4217,Lavoir,5.1196405,50.550264
4217,Waret-L'evêque,5.0666104,50.5563597
4218,Couthuin,5.1224958,50.5314526
4219,Acosse,5.04657,50.59277
4219,Ambresin,5.03057,50.63045
4219,Meeffe,5.01821,50.6075
4219,Wasseiges,5.00162,50.61754
4250,Boëlhe,5.16646,50.68214
4250,Geer,5.1828092,50.6701762
4250,Hollogne-Sur-Geer,5.20541,50.6766
4250,Lens-Saint-Servais,5.15585,50.66357
4252,Omal,5.19937,50.65584
4253,Darion,5.18654,50.66458
4254,Ligney,5.18227,50.66148
4257,Berloz,5.21265,50.69875
4257,Corswarem,5.21324,50.71078
4257,Rosoux-Crenwick,5.18949,50.70741
4260,Avennes,5.1127625,50.6294922
4260,Braives,5.14881,50.62823
4260,Ciplet,5.0926809,50.6183437
4260,Fallais,5.17039,50.61022
4260,Fumal,5.18313,50.58661
4260,Ville-En-Hesbaye,5.1159028,50.6157563
4261,Latinne,5.16401,50.62475
4263,Tourinne,5.17457,50.63902
4280,Abolens,5.14886,50.67302
4280,Avernas-Le-Bauduin,5.07861,50.69428
4280,Avin,5.06932,50.62215
4280,Bertrée,5.09133,50.69521
4280,Blehen,5.1225686,50.6643018
4280,Cras-Avernas,5.12363,50.69733
4280,Crehen,5.0634,50.65993
4280,Grand-Hallet,5.03222,50.69555
4280,Hannut,5.07776,50.67215
4280,Lens-Saint-Remy,5.1331258,50.6543514
4280,Merdorp,5.00044,50.64832
4280,Moxhe,5.08346,50.63057
4280,Petit-Hallet,5.01721,50.68758
4280,Poucet,5.11653,50.67588
4280,Thisnes,5.04297,50.66405
4280,Trognée,5.12477,50.68725
4280,Villers-Le-Peuplier,5.09584,50.6562
4280,Wansin,5.01904,50.67898
4287,Lincent,5.0305803,50.7128616
4287,Pellaines,5.007062,50.7257187
4287,Racour,5.0289273,50.7396057
4300,Bettincourt,5.23584,50.71251
4300,Bleret,5.28734,50.68929
4300,Bovenistier,5.28389,50.6678
4300,Grand-Axhe,5.22958,50.68055
4300,Lantremange,5.29561,50.71171
4300,Oleye,5.28113,50.71382
4300,Waremme,5.25553,50.69757
4317,Aineffe,5.25749,50.62557
4317,Borlez,5.24331,50.63325
4317,Celles,5.24614,50.65415
4317,Faimes,5.26009,50.66183
4317,Les Waleffes,5.22329,50.63779
4317,Viemme,5.27224,50.64679
4340,Awans,5.4628633,50.666861
4340,Fooz,5.4359267,50.6759853
4340,Othée,5.4671194,50.7157403
4340,Villers-L'evêque,5.4395108,50.7044467
4342,Hognoul,5.4543405,50.6814461
4347,Fexhe-Le-Haut-Clocher,5.3994597,50.665333
4347,Freloux,5.4065984,50.6804933
4347,Noville,5.3822669,50.6599134
4347,Roloux,5.3974408,50.6510925
4347,Voroux-Goreux,5.4291442,50.6548149
4350,Lamine,5.33472,50.68907
4350,Momalle,5.37581,50.68569
4350,Pousset,5.3042,50.69476
4350,Remicourt,5.32844,50.6802
4351,Hodeige,5.34167,50.69607
4357,Donceel,5.32138,50.64577
4357,Haneffe,5.32046,50.63791
4357,Jeneffe,5.35434,50.65111
4357,Limont,5.3114031,50.6605976
4360,Bergilers,5.32897,50.71543
4360,Grandville,5.33881,50.72341
4360,Lens-Sur-Geer,5.35099,50.72114
4360,Oreye,5.3577,50.73175
4360,Otrange,5.37855,50.73601
4367,Crisnée,5.3977032,50.7173633
4367,Fize-Le-Marsal,5.3855696,50.7023863
4367,Kemexhe,5.4075417,50.6973611
4367,Odeur,5.4164174,50.7064872
4367,Thys,5.390432,50.7225445
4400,Awirs,5.4061097,50.5999117
4400,Chokier,5.441932,50.5911345
4400,Flémalle-Grande,5.4765157,50.6087724
4400,Flémalle-Haute,5.4459559,50.6001541
4400,Gleixhe,5.3893727,50.6130146
4400,Ivoz-Ramet,5.4638963,50.5883864
4400,Mons-Lez-Liège,5.4558943,50.623374
4420,Montegnée,5.5101068,50.6291339
4420,Saint-Nicolas,5.5321898,50.6292407
4420,Tilleur,5.5202889,50.6198412
4430,Ans,5.5265524,50.660213
4431,Loncin,5.50521,50.66624
4432,Alleur,5.51338,50.67434
4432,Xhendremael,5.4831,50.70502
4450,Juprelle,5.5267686,50.7096477
4450,Lantin,5.5246269,50.6885256
4450,Slins,5.5637966,50.7277297
4451,Voroux-Lez-Liers,5.5549161,50.6875929
4452,Paifve,5.5249034,50.7283378
4452,Wihogne,5.5066908,50.7271304
4453,Villers-Saint-Siméon,5.5388369,50.7111071
4458,Fexhe-Slins,5.56954,50.72003
4460,Bierset,5.45092,50.655
4460,Grâce-Berleur,5.4881954,50.6347184
4460,Grâce-Hollogne,5.47566,50.63412
4460,Hollogne-Aux-Pierres,5.47084,50.64034
4460,Horion-Hozémont,5.37961,50.62834
4460,Velroux,5.42437,50.6429
4470,Saint-Georges-Sur-Meuse,5.35756,50.60007
4480,Clermont-Sous-Huy,5.3918142,50.569391
4480,Ehein,5.3986761,50.572906
4480,Engis,5.4037136,50.5832252
4480,Hermalle-Sous-Huy,5.3619152,50.5591378
4500,Ben-Ahin,5.1852407,50.5019819
4500,Huy,5.2396514,50.5186775
4500,Tihange,5.2614551,50.5296991
4520,Antheit,5.2403601,50.5489545
4520,Bas-Oha,5.1908989,50.5262731
4520,Huccorgne,5.1655285,50.5672767
4520,Moha,5.186209,50.5476918
4520,Vinalmont,5.2306622,50.5631337
4520,Wanze,5.2141011,50.534476
4530,Fize-Fontaine,5.28301,50.5851
4530,Vaux-Et-Borset,5.23207,50.61332
4530,Vieux-Waleffe,5.2037631,50.6160879
4530,Villers-Le-Bouillet,5.26006,50.57648
4530,Warnant-Dreye,5.22753,50.59523
4537,Bodegnée,5.30371,50.58593
4537,Chapon-Seraing,5.26904,50.60841
4537,Seraing-Le-Château,5.29829,50.62132
4537,Verlaine,5.31729,50.60633
4540,Amay,5.3096648,50.5482792
4540,Ampsin,5.2780528,50.5413781
4540,Flône,5.3360181,50.5575651
4540,Jehay,5.3247092,50.5724773
4540,Ombret,5.3332337,50.5421828
4550,Nandrin,5.4198582,50.507161
4550,Saint-Séverin,5.4112136,50.5298269
4550,Villers-Le-Temple,5.37,50.5086111
4550,Yernée-Fraineux,5.383914,50.529079
4557,Abée,5.3564959,50.4730891
4557,Fraiture,5.4194689,50.478433
4557,Ramelot,5.3331598,50.4669858
4557,Seny,5.4015811,50.4589883
4557,Soheit-Tinlot,5.3885701,50.4834221
4557,Tinlot,5.3874728,50.482313
4560,Bois-Et-Borsu,5.3227509,50.389298
4560,Clavier,5.3635498,50.4114801
4560,Les Avins,5.3016015,50.4161066
4560,Ocquier,5.3937321,50.3956189
4560,Pailhe,5.2582114,50.4228394
4560,Terwagne,5.3482649,50.444343
4570,Marchin,5.24204,50.46517
4570,Vyle-Et-Tharoul,5.26152,50.4445
4577,Modave,5.3007316,50.442375
4577,Outrelouxhe,5.3346305,50.5032627
4577,Strée-Lez-Huy,5.314207,50.497227
4577,Vierset-Barse,5.2976608,50.4834371
4590,Ellemelle,5.44434,50.46752
4590,Ouffet,5.46538,50.4381
4590,Warzée,5.42828,50.44929
4600,Lanaye,5.6945353,50.7816616
4600,Lixhe,5.6793302,50.7567965
4600,Richelle,5.6952993,50.7136425
4600,Visé,5.6866789,50.7436241
4601,Argenteau,5.6876046,50.6961555
4602,Cheratte,5.6707829,50.6837494
4606,Saint-André,5.7530732,50.6956754
4607,Berneau,5.7306194,50.7427406
4607,Bombaye,5.7448822,50.7307281
4607,Dalhem,5.7331059,50.7205105
4607,Feneur,5.7149169,50.7042957
4607,Mortroux,5.7536961,50.7114781
4608,Neufchâteau,5.7757062,50.719368
4608,Warsage,5.7691321,50.7355105
4610,Bellaire,5.6654339,50.6449882
4610,Beyne-Heusay,5.6558548,50.6216012
4610,Queue-Du-Bois,5.6789257,50.6373747
4620,Fléron,5.6831436,50.6162686
4621,Retinne,5.6971829,50.6301336
4623,Magnée,5.6884335,50.5996569
4624,Romsée,5.664504,50.610608
4630,Ayeneux,5.716811,50.6077652
4630,Micheroux,5.72117,50.6265063
4630,Soumagne,5.7372708,50.6162143
4630,Tignée,5.70201,50.65127
4631,Evegnée,5.70875,50.64217
4632,Cérexhe-Heuseux,5.7264702,50.6541483
4633,Melen,5.7359996,50.6460486
4650,Chaineux,5.8344045,50.6316775
4650,Grand-Rechain,5.8099828,50.6074436
4650,Herve,5.8425762,50.6317827
4650,Julémont,5.7713927,50.6860172
4651,Battice,5.8207169,50.6474662
4652,Xhendelesse,5.7782579,50.6050929
4653,Bolland,5.76037,50.66107
4654,Charneux,5.8041681,50.6698339
4670,Blégny,5.7246643,50.6792685
4670,Mortier,5.7434908,50.6850484
4670,Trembleur,5.7264581,50.695398
4671,Barchon,5.69992,50.66866
4671,Housse,5.6910818,50.6789837
4671,Saive,5.6858939,50.6530557
4672,Saint-Remy,5.7044415,50.6954433
4680,Hermée,5.6184661,50.7079438
4680,Oupeye,5.6261513,50.7127029
4681,Hermalle-Sous-Argenteau,5.6800351,50.7112191
4682,Heure-Le-Romain,5.6332813,50.7313994
4682,Houtain-Saint-Siméon,5.6118142,50.7398627
4683,Vivegnis,5.6467328,50.6948109
4684,Haccourt,5.6688849,50.7303379
4690,Bassenge,5.6100672,50.7591324
4690,Boirs,5.5800373,50.7509508
4690,Eben-Emael,5.6656377,50.7933169
4690,Glons,5.545018,50.7520728
4690,Roclenge-Sur-Geer,5.595398,50.7569143
4690,Wonck,5.6358592,50.7669118
4700,Eupen,6.1011205,50.6133173
4701,Kettenis,6.046896,50.6472977
4710,Lontzen,5.9875637,50.6816693
4711,Walhorn,6.04549,50.67469
4720,La Calamine,6.0128347,50.7246443
4721,Neu-Moresnet,6.0213233,50.7160816
4728,Hergenrath,6.0314237,50.7089534
4730,Hauset,6.0696188,50.7104323
4730,Raeren,6.1097028,50.6769924
4731,Eynatten,6.0834561,50.6921704
4750,Butgenbach,6.2042885,50.4266339
4750,Elsenborn,6.22028,50.4744
4760,Bullange,6.3042715,50.3739957
4760,Manderfeld,6.346301,50.32989
4761,Rocherath,6.3005753,50.4365286
4770,Amblève,6.1694635,50.3542165
4770,Meyerode,6.1917669,50.33053
4771,Heppenbach,6.2185552,50.3627954
4780,Recht,6.04333,50.3344
4780,Saint-Vith,6.130456,50.2797224
4782,Schoenberg,6.2652657,50.2887806
4783,Lommersweiler,6.1655027,50.2388377
4784,Crombach,6.068955,50.2594213
4790,Reuland,6.1376625,50.1966077
4791,Thommen,6.07391,50.21821
4800,Ensival,5.8460072,50.5812596
4800,Lambermont,5.8323452,50.5904288
4800,Petit-Rechain,5.83447,50.6144
4800,Polleur,5.8807055,50.5390463
4800,Verviers,5.8655774,50.5910337
4801,Stembert,5.8928874,50.5923294
4802,Heusy,5.8662821,50.5745445
4820,Dison,5.8509177,50.6105586
4821,Andrimont,5.8844864,50.6139966
4830,Limbourg,5.9357239,50.6036651
4831,Bilstain,5.9198628,50.6243826
4834,Goé,5.9567645,50.6061874
4837,Baelen,5.9692046,50.6301763
4837,Membach,5.99501,50.61905
4840,Welkenraedt,5.9630388,50.6568973
4841,Henri-Chapelle,5.9271962,50.669138
4845,Jalhay,5.9662952,50.5588226
4845,Sart-Lez-Spa,5.9319544,50.516858
4850,Montzen,5.9619403,50.707579
4850,Moresnet,5.9889959,50.721135
4851,Gemmenich,5.9943856,50.7453476
4851,Sippenaeken,5.9337213,50.750727
4852,Hombourg,5.9211923,50.7233365
4860,Cornesse,5.7955711,50.5723031
4860,Pepinster,5.8033087,50.5682638
4860,Wegnez,5.8166757,50.5792278
4861,Soiron,5.7904364,50.591806
4870,Forêt,5.6998538,50.5835849
4870,Fraipont,5.7238334,50.5656406
4870,Nessonvaux,5.7370077,50.5729394
4877,Olne,5.7465679,50.5900615
4880,Aubel,5.8592295,50.7021296
4890,Clermont,5.8845514,50.6590232
4890,Thimister,5.8640069,50.654195
4900,Spa,5.86432,50.49243
4910,La Reid,5.790589,50.4893888
4910,Polleur,5.8807055,50.5390463
4910,Theux,5.8141884,50.5350997
4920,Aywaille,5.67584,50.47318
4920,Ernonheid,5.6663,50.40338
4920,Harzé,5.66651,50.44096
4920,Louveigné,5.7162168,50.5302309
4920,Sougné-Remouchamps,5.71185,50.47987
4950,Faymonville,6.1408548,50.4027387
4950,Robertville,6.122142,50.4545013
4950,Sourbrodt,6.11175,50.47895
4950,Waimes,6.1115679,50.4149033
4960,Bellevaux-Ligneuville,6.0420032,50.3820881
4960,Bevercé,6.035721,50.4409143
4960,Malmedy,6.0283118,50.4246679
4970,Francorchamps,5.9522139,50.4543456
4970,Stavelot,5.9304135,50.3941099
4980,Fosse,5.8412377,50.3411966
4980,Trois-Ponts,5.9177072,50.3528769
4980,Wanne,5.921651,50.3550332
4983,Basse-Bodeux,5.8305234,50.3565744
4987,Chevron,5.7325146,50.3802778
4987,La Gleize,5.8491514,50.41126
4987,Lorcé,5.7350483,50.4162542
4987,Rahier,5.7807855,50.3848697
4987,Stoumont,5.8086125,50.4068434
4990,Arbrefontaine,5.83541,50.30276
4990,Bra,5.7323,50.32339
4990,Lierneux,5.7950312,50.2848031
5000,Beez,4.911834,50.4686653
5000,Namur,4.8718068,50.4674593
5001,Belgrade,4.8256487,50.4707019
5002,Saint-Servais,4.8344548,50.4766054
5003,Saint-Marc,4.847325,50.4915149
5004,Bouge,4.8915392,50.4719872
5012,Parlement Wallon,4.8679402,50.4608661
5020,Champion,4.9015766,50.4958176
5020,Daussoulx,4.8886216,50.5181967
5020,Flawinne,4.81096,50.45738
5020,Malonne,4.79566,50.43896
5020,Suarlée,4.77885,50.48195
5020,Temploux,4.75434,50.48526
5020,Vedrin,4.8760877,50.5022173
5021,Boninne,4.9324641,50.4953566
5022,Cognelée,4.9070712,50.5148464
5024,Gelbressée,4.956101,50.5055017
5024,Marche-Les-Dames,4.9602568,50.4863306
5030,Beuzet,4.74584,50.53391
5030,Ernage,4.6725,50.5938889
5030,Gembloux,4.7016542,50.5742906
5030,Grand-Manil,4.67548,50.55707
5030,Lonzée,4.72637,50.55299
5030,Sauvenière,4.72348,50.58065
5031,Grand-Leez,4.77469,50.58374
5032,Bossière,4.69579,50.518
5032,Bothey,4.64894,50.52043
5032,Corroy-Le-Château,4.66279,50.53877
5032,Isnes,4.72827,50.50598
5032,Mazy,4.67263,50.51048
5060,Arsimont,4.6388,50.42853
5060,Auvelais,4.63024,50.44938
5060,Falisolle,4.62087,50.41776
5060,Keumiée,4.5960362,50.4526305
5060,Moignelée,4.58455,50.44542
5060,Tamines,4.60819,50.43353
5060,Velaine-Sur-Sambre,4.61402,50.4674
5070,Aisemont,4.65209,50.40504
5070,Fosses-La-Ville,4.69617,50.39455
5070,Le Roux,4.62398,50.389
5070,Sart-Eustache,4.60259,50.3754
5070,Sart-Saint-Laurent,4.74169,50.40224
5070,Vitrival,4.65956,50.39859
5080,Emines,4.84469,50.51212
5080,Rhisnes,4.80568,50.50626
5080,Villers-Lez-Heest,4.84558,50.52998
5080,Warisoulx,4.86659,50.5366
5081,Bovesse,4.78061,50.51917
5081,Meux,4.80103,50.55196
5081,Saint-Denis-Bovesse,4.78185,50.53532
5100,Dave,4.8877835,50.4143728
5100,Jambes,4.871877,50.4563673
5100,Naninne,4.9239001,50.4185928
5100,Wépion,4.8633172,50.421206
5100,Wierde,4.9509671,50.4260307
5101,Erpent,4.9050011,50.4516025
5101,Lives-Sur-Meuse,4.9241044,50.4654959
5101,Loyers,4.9517789,50.462857
5140,Boignée,4.60938,50.50024
5140,Ligny,4.57702,50.51228
5140,Sombreffe,4.5884,50.52871
5140,Tongrinne,4.6253,50.5155
5150,Floreffe,4.75922,50.43405
5150,Floriffoux,4.77161,50.45198
5150,Franière,4.7328,50.43592
5150,Soye,4.73041,50.44936
5170,Arbre,4.82126,50.36612
5170,Bois-De-Villers,4.82408,50.39019
5170,Lesve,4.77791,50.37686
5170,Lustin,4.89876,50.37825
5170,Profondeville,4.8674002,50.3756621
5170,Rivière,4.87453,50.35655
5190,Balâtre,4.6395677,50.5003106
5190,Ham-Sur-Sambre,4.6735065,50.4426813
5190,Jemeppe-Sur-Sambre,4.6786862,50.4630907
5190,Mornimont,4.7043225,50.4563509
5190,Moustier-Sur-Sambre,4.6944478,50.4568755
5190,Onoz,4.6697337,50.4920447
5190,Saint-Martin,4.6473489,50.5018823
5190,Spy,4.7042186,50.4796529
5300,Andenne,5.0833333,50.4833333
5300,Bonneville,5.0369958,50.4719693
5300,Coutisse,5.1166532,50.4629612
5300,Landenne,5.0669512,50.5149815
5300,Maizeret,4.9790011,50.4596144
5300,Namêche,4.9945844,50.4719758
5300,Sclayn,5.0277233,50.4896345
5300,Seilles,5.0931162,50.5002414
5300,Thon,5.0145871,50.4633535
5300,Vezin,5.0087682,50.4958205
5310,Aische-En-Refail,4.83819,50.59948
5310,Bolinne,4.9294,50.60083
5310,Boneffe,4.95508,50.62508
5310,Branchon,4.971115,50.629102
5310,Dhuy,4.8593,50.55964
5310,Eghezée,4.90365,50.59265
5310,Hanret,4.94767,50.58092
5310,Leuze,4.90619,50.54604
5310,Liernu,4.83077,50.58369
5310,Longchamps,4.89262,50.57787
5310,Mehaigne,4.87607,50.59443
5310,Noville-Sur-Méhaigne,4.89308,50.60924
5310,Saint-Germain,4.8422,50.57266
5310,Taviers,4.93154,50.61733
5310,Upigny,4.87223,50.57163
5310,Waret-La-Chaussée,4.92644,50.54281
5330,Assesse,4.9421604,50.3777222
5330,Maillen,4.9707476,50.377213
5330,Sart-Bernard,4.96308,50.40244
5332,Crupet,4.96124,50.35009
5333,Sorinne-La-Longue,5.02551,50.3893
5334,Florée,5.06885,50.3742
5336,Courrière,4.98532,50.37994
5340,Faulx-Les-Tombes,5.02089,50.42693
5340,Gesves,5.0755536,50.4024613
5340,Haltinne,5.07501,50.4511
5340,Mozet,4.98537,50.44425
5340,Sorée,5.1200129,50.3973972
5350,Evelette,5.17364,50.41189
5350,Ohey,5.1673861,50.4145401
5351,Haillot,5.1542,50.44215
5352,Perwez-Haillot,5.17174,50.45213
5353,Goesnes,5.22094,50.44001
5354,Jallet,5.18338,50.44328
5360,Hamois,5.0922322,50.3453749
5360,Natoye,5.05804,50.34301
5361,Mohiville,5.1924,50.31812
5361,Scy,5.20718,50.30479
5362,Achet,5.17493,50.33299
5363,Emptinne,5.12309,50.32543
5364,Schaltin,5.12452,50.35894
5370,Barvaux-Condroz,5.2609,50.32891
5370,Flostoy,5.1838818,50.3888599
5370,Havelange,5.2395547,50.3647074
5370,Jeneffe,5.24005,50.35407
5370,Porcheresse,5.24195,50.34012
5370,Verlée,5.27936,50.36784
5372,Méan,5.33634,50.36323
5374,Maffe,5.3114,50.35351
5376,Miécret,5.2486422,50.3668751
5377,Baillonville,5.338665,50.2899325
5377,Bonsin,5.3826276,50.3740147
5377,Heure,5.2964444,50.2942459
5377,Hogne,5.2797819,50.2490867
5377,Nettinne,5.2588027,50.2907723
5377,Noiseux,5.3746071,50.2991028
5377,Sinsin,5.254788,50.2748559
5377,Somme-Leuze,5.3700431,50.3399089
5377,Waillet,5.304524,50.2604353
5380,Bierwart,5.03628,50.55582
5380,Cortil-Wodon,4.95689,50.56767
5380,Forville,4.99828,50.57391
5380,Franc-Waret,4.98141,50.52081
5380,Hemptinne,4.98838,50.60327
5380,Hingeon,5.00687,50.52545
5380,Marchovelette,4.94149,50.52285
5380,Noville-Les-Bois,4.98419,50.55676
5380,Pontillas,5.02104,50.54909
5380,Tillier,4.94581,50.54459
5500,Anseremme,4.9063851,50.2384651
5500,Bouvignes-Sur-Meuse,4.89926,50.2721114
5500,Dinant,4.9169434,50.2340362
5500,Dréhance,4.94406,50.23702
5500,Falmagne,4.8977622,50.1999538
5500,Falmignoul,4.8926759,50.2054304
5500,Furfooz,4.9588076,50.2239409
5501,Lisogne,4.9710519,50.2808581
5502,Thynes,4.9871679,50.2795875
5503,Sorinnes,4.9789243,50.2592464
5504,Foy-Notre-Dame,4.9898697,50.2469536
5520,Anthée,4.7612111,50.2400205
5520,Onhaye,4.8379125,50.2425159
5521,Serville,4.78061,50.2501038
5522,Falaen,4.7936119,50.278965
5523,Sommière,4.8428128,50.2737609
5523,Weillen,4.8251335,50.2605516
5524,Gerin,4.8161879,50.2460666
5530,Dorinne,4.97588,50.31501
5530,Durnal,4.98662,50.3363
5530,Evrehailles,4.91206,50.32046
5530,Godinne,4.87325,50.34788
5530,Houx,4.89834,50.30173
5530,Mont,4.90291,50.35335
5530,Purnode,4.94403,50.31218
5530,Spontin,5.00575,50.32233
5530,Yvoir,4.8778583,50.3269678
5537,Anhée,4.87829,50.31064
5537,Annevoie-Rouillon,4.84882,50.34738
5537,Bioul,4.7961,50.33112
5537,Denée,4.75223,50.31862
5537,Haut-Le-Wastia,4.84293,50.30597
5537,Sosoye,4.78183,50.29518
5537,Warnant,4.8444,50.32284
5540,Hastière-Lavaux,4.82455,50.2183
5540,Hermeton-Sur-Meuse,4.81672,50.19776
5540,Waulsort,4.86621,50.20362
5541,Hastière-Par-Delà,4.82904,50.21479
5542,Blaimont,4.84295,50.19197
5543,Heer,4.83208,50.16347
5544,Agimont,4.79594,50.16573
5550,Alle,4.9696522,49.8420224
5550,Bagimont,4.8751812,49.8241864
5550,Bohan,4.8853198,49.8635093
5550,Chairière,4.9511929,49.8620429
5550,Laforet,4.9299586,49.8632092
5550,Membre,4.9019226,49.8657061
5550,Mouzaive,4.96318,49.85379
5550,Nafraiture,4.9174164,49.910876
5550,Orchimont,4.9282121,49.8936202
5550,Pussemange,4.86835,49.81127
5550,Sugny,4.9019318,49.8143846
5550,Vresse-Sur-Semois,4.9326558,49.8725882
5555,Baillamont,5.026417,49.8994166
5555,Bellefontaine,4.9726249,49.917607
5555,Bièvre,5.0165882,49.9414154
5555,Cornimont,4.9983726,49.8622424
5555,Graide,5.0661187,49.951486
5555,Gros-Fays,4.9831444,49.8704212
5555,Monceau-En-Ardenne,4.9877688,49.9057594
5555,Naomé,5.089279,49.9220528
5555,Oizy,5.0091739,49.8936411
5555,Petit-Fays,4.9686731,49.9020888
5560,Ciergnon,5.0881633,50.167647
5560,Finnevaux,4.944139,50.1580053
5560,Houyet,4.9798922,50.1694226
5560,Hulsonniaux,4.9465427,50.2013267
5560,Mesnil-Eglise,4.96349,50.16494
5560,Mesnil-Saint-Blaise,4.885058,50.1688094
5561,Celles,5.0057628,50.23038
5562,Custinne,5.0490632,50.2109877
5563,Hour,5.0403821,50.1617078
5564,Wanlin,5.0620298,50.1595134
5570,Baronville,4.9443786,50.1271366
5570,Beauraing,4.9059609,50.1003926
5570,Dion,4.8891263,50.1177827
5570,Felenne,4.8491337,50.0681342
5570,Feschaux,4.914895,50.1511238
5570,Honnay,5.0393176,50.0816488
5570,Javingue,4.9190727,50.1022158
5570,Vonêche,4.9780885,50.0614965
5570,Wancennes,4.9616119,50.091743
5570,Winenne,4.8939936,50.0967777
5571,Wiesme,4.9773685,50.1484609
5572,Focant,5.0379324,50.1317614
5573,Martouzin-Neuville,5.0055552,50.117386
5574,Pondrôme,5.010168,50.0988595
5575,Bourseigne-Neuve,4.85486,50.02487
5575,Bourseigne-Vieille,4.87024,50.02212
5575,Gedinne,4.93707,49.98081
5575,Houdremont,4.94426,49.94148
5575,Louette-Saint-Denis,4.95786,49.95837
5575,Louette-Saint-Pierre,4.92748,49.96054
5575,Malvoisin,4.96239,50.01107
5575,Patignies,4.9513,50.00003
5575,Rienne,4.88446,49.99239
5575,Sart-Custinne,4.91675,50.00147
5575,Vencimont,4.92063,50.03169
5575,Willerzie,4.85083,49.98778
5576,Froidfontaine,4.9997173,50.0595602
5580,Ave-Et-Auffe,5.14246,50.11272
5580,Buissonville,5.20186,50.2164
5580,Eprave,5.15913,50.14399
5580,Han-Sur-Lesse,5.18756,50.12543
5580,Jemelle,5.26623,50.1625
5580,Lavaux-Saint-Anne,5.0932334,50.115343
5580,Lessive,5.14662,50.13921
5580,Mont-Gauthier,5.12273,50.21029
5580,Rochefort,5.2221665,50.1596036
5580,Villers-Sur-Lesse,5.11367,50.15352
5580,Wavreille,5.24848,50.12104
5590,Achêne,5.0456342,50.2666792
5590,Braibant,5.0606598,50.3131545
5590,Chevetogne,5.1217844,50.2230794
5590,Ciney,5.1008307,50.2956773
5590,Conneux,5.0598,50.23887
5590,Haversin,5.19571,50.24919
5590,Leignon,5.1098975,50.2677216
5590,Pessoux,5.170961,50.2830932
5590,Serinchamps,5.2289113,50.2309395
5590,Sovet,5.0364195,50.2964987
5600,Fagnolle,4.56083,50.10493
5600,Franchimont,4.62824,50.18875
5600,Jamagne,4.53081,50.21732
5600,Jamiolle,4.50666,50.20988
5600,Merlemont,4.6111,50.17645
5600,Neuville,4.51452,50.17249
5600,Omezée,4.70174,50.19267
5600,Philippeville,4.5430358,50.1958462
5600,Roly,4.53736,50.13591
5600,Romedenne,4.6987,50.17113
5600,Samart,4.53417,50.17821
5600,Sart-En-Fagne,4.62201,50.1587
5600,Sautour,4.56043,50.17018
5600,Surice,4.70017,50.18249
5600,Villers-En-Fagne,4.58566,50.14721
5600,Villers-Le-Gambon,4.60944,50.19129
5600,Vodecée,4.59308,50.19796
5620,Corenne,4.68021,50.25227
5620,Flavion,4.71824,50.2496
5620,Florennes,4.6468567,50.2451448
5620,Hemptinne-Lez-Florennes,4.56281,50.22856
5620,Morville,4.74186,50.23047
5620,Rosée,4.68959,50.23307
5620,Saint-Aubin,4.57657,50.24851
5621,Hanzinelle,4.55989,50.29571
5621,Hanzinne,4.54547,50.31294
5621,Morialmé,4.56593,50.27498
5621,Thy-Le-Baudouin,4.52296,50.29619
5630,Cerfontaine,4.4106675,50.1692214
5630,Daussois,4.4563959,50.2195367
5630,Senzeille,4.4646004,50.176804
5630,Silenrieux,4.4121787,50.2245931
5630,Soumoy,4.4382183,50.1899126
5630,Villers-Deux-Eglises,4.4824262,50.1899091
5640,Biesme,4.61024,50.33987
5640,Biesmerée,4.68005,50.2974
5640,Graux,4.71972,50.32501
5640,Mettet,4.6464726,50.3174893
5640,Oret,4.61574,50.30206
5640,Saint-Gérard,4.7407,50.34597
5641,Furnaux,4.70497,50.30803
5644,Ermeton-Sur-Biert,4.71906,50.29689
5646,Stave,4.65924,50.28002
5650,Castillon,4.3523863,50.2466601
5650,Chastrès,4.457478,50.264761
5650,Clermont,4.3171266,50.2603112
5650,Fontenelle,4.3837031,50.2479938
5650,Fraire,4.5084637,50.2596787
5650,Pry,4.4304388,50.2710178
5650,Vogenée,4.452607,50.240418
5650,Walcourt,4.4267048,50.2537328
5650,Yves-Gomezée,4.4936392,50.2390518
5651,Berzée,4.40151,50.28867
5651,Gourdinne,4.4578,50.29004
5651,Laneffe,4.4909,50.27743
5651,Rognée,4.39011,50.26712
5651,Somzée,4.48336,50.29517
5651,Tarcienne,4.49637,50.3116
5651,Thy-Le-Château,4.43265,50.28077
5660,Aublain,4.4087076,50.0682518
5660,Boussu-En-Fagne,4.4713875,50.0758726
5660,Brûly,4.5275589,49.9686542
5660,Brûly-De-Pesche,4.4649941,50.0016768
5660,Couvin,4.49457,50.05197
5660,Cul-Des-Sarts,4.4547813,49.9625539
5660,Dailly,4.4359678,50.0579064
5660,Frasnes,4.5087651,50.0772664
5660,Gonrieux,4.4262251,50.0361913
5660,Mariembourg,4.5218479,50.0947687
5660,Pesche,4.4586142,50.0423072
5660,Petigny,4.5319453,50.058688
5660,Petite-Chapelle,4.5089898,49.9499922
5660,Presgaux,4.4197205,50.0248577
5670,Dourbes,4.5919434,50.0916165
5670,Le Mesnil,4.671644,50.0313519
5670,Mazée,4.6958496,50.1010872
5670,Nismes,4.5483364,50.0748018
5670,Oignies-En-Thiérache,4.6392754,50.0238633
5670,Olloy-Sur-Viroin,4.607452,50.0720497
5670,Treignes,4.6708276,50.092667
5670,Vierves-Sur-Viroin,4.635318,50.0802842
5680,Doische,4.7461199,50.1362261
5680,Gimnée,4.70925,50.13149
5680,Gochenée,4.7599339,50.183851
5680,Matagne-La-Grande,4.61146,50.12081
5680,Matagne-La-Petite,4.638,50.11684
5680,Niverlée,4.69985,50.11806
5680,Romerée,4.67538,50.13585
5680,Soulme,4.73735,50.18873
5680,Vaucelles,4.74345,50.11286
5680,Vodelée,4.73232,50.17245
6000,Charleroi,4.4446709,50.4108998
6001,Marcinelle,4.4436699,50.3922481
6010,Couillet,4.4589418,50.3914084
6020,Dampremy,4.4308155,50.4171274
6030,Goutroux,4.3607435,50.4068438
6030,Marchienne-Au-Pont,4.3957235,50.4055222
6031,Monceau-Sur-Sambre,4.376359,50.4166487
6032,Mont-Sur-Marchienne,4.405458,50.3886584
6040,Jumet,4.4370311,50.4427249
6041,Gosselies,4.4322027,50.4688896
6042,Lodelinsart,4.44718,50.4315093
6043,Ransart,4.4760083,50.4617198
6044,Roux,4.3859913,50.4411759
6060,Gilly,4.4785997,50.4240349
6061,Montignies-Sur-Sambre,4.4777803,50.4018544
6099,Charleroi X,4.4472493,50.4227915
6110,Montigny-Le-Tilleul,4.3779578,50.3744413
6111,Landelies,4.35075,50.3798
6120,Cour-Sur-Heure,4.3894514,50.3002201
6120,Ham-Sur-Heure,4.3880774,50.3221203
6120,Jamioulx,4.4127538,50.3528183
6120,Marbaix,4.369811,50.329886
6120,Nalinnes,4.4465124,50.3241156
6140,Fontaine-L'evêque,4.3249526,50.4100558
6141,Forchies-La-Marche,4.32036,50.43664
6142,Leernes,4.33217,50.39821
6150,Anderlues,4.28394,50.40604
6180,Courcelles,4.3662504,50.4577042
6181,Gouy-Lez-Piéton,4.3342955,50.4908073
6182,Souvret,4.3497084,50.4506298
6183,Trazegnies,4.3171534,50.4595342
6200,Bouffioulx,4.51635,50.39072
6200,Châtelet,4.52786,50.4061
6200,Châtelineau,4.52786,50.4061
6210,Frasnes-Lez-Gosselies,4.4461637,50.5314655
6210,Rèves,4.4144975,50.5377515
6210,Villers-Perwin,4.4780447,50.5262517
6210,Wayaux,4.4736079,50.4899237
6211,Mellet,4.4850788,50.5050113
6220,Fleurus,4.5363885,50.4771076
6220,Heppignies,4.49575,50.4845
6220,Lambusart,4.55332,50.45453
6220,Wangenies,4.51986,50.47957
6221,Saint-Amand,4.54986,50.50637
6222,Brye,4.55809,50.52397
6223,Wagnelée,4.53371,50.52301
6224,Wanfercée-Baulet,4.58783,50.47274
6230,Buzet,4.3667175,50.5381032
6230,Obaix,4.362374,50.527809
6230,Pont-À-Celles,4.3581617,50.513555
6230,Thiméon,4.4297958,50.485343
6230,Viesville,4.4088253,50.4897213
6238,Liberchies,4.4215203,50.5138157
6238,Luttre,4.3914653,50.5097805
6240,Farciennes,4.5415,50.42994
6240,Pironchamps,4.5364464,50.4324843
6250,Aiseau,4.58644,50.41114
6250,Pont-De-Loup,4.54547,50.41619
6250,Presles,4.57866,50.38391
6250,Roselies,4.57179,50.42978
6280,Acoz,4.53391,50.35858
6280,Gerpinnes,4.5277925,50.3373282
6280,Gougnies,4.57528,50.3552
6280,Joncret,4.51333,50.35344
6280,Loverval,4.4737,50.3747
6280,Villers-Poterie,4.54905,50.35363
6440,Boussu-Lez-Walcourt,4.3780579,50.2278614
6440,Fourbechies,4.3107812,50.1636881
6440,Froidchapelle,4.3282168,50.1500253
6440,Vergnies,4.3047818,50.1988476
6441,Erpion,4.3555674,50.2115372
6460,Bailièvre,4.23844,50.06919
6460,Chimay,4.2660214,50.0844529
6460,Robechies,4.27725,50.07275
6460,Saint-Remy,4.29193,50.04538
6460,Salles,4.24463,50.05544
6460,Villers-La-Tour,4.26131,50.03601
6461,Virelles,4.33526,50.06582
6462,Vaulx-Lez-Chimay,4.36487,50.06118
6463,Lompret,4.37839,50.06409
6464,Baileux,4.37605,50.02871
6464,Bourlers,4.341,50.02716
6464,Forges,4.32792,50.02576
6464,L'escaillère,4.4309752,49.9453667
6464,Rièzes,4.36891,49.95914
6470,Grandrieu,4.1720392,50.2007845
6470,Montbliart,4.2240647,50.1344705
6470,Rance,4.26913,50.14337
6470,Sautin,4.2257553,50.1636283
6470,Sivry,4.182086,50.1660176
6500,Barbençon,4.2497858,50.2190423
6500,Beaumont,4.2497858,50.2190423
6500,Leugnies,4.1975122,50.2230128
6500,Leval-Chaudeville,4.20949,50.23554
6500,Renlies,4.2664251,50.1914031
6500,Solre-Saint-Géry,4.2439166,50.2151129
6500,Thirimont,4.2357279,50.2611798
6511,Strée,4.288815,50.2750402
6530,Leers-Et-Fosteau,4.2457958,50.3044451
6530,Thuin,4.2928918,50.3414098
6531,Biesme-Sous-Thuin,4.3087831,50.3220429
6532,Ragnies,4.2841508,50.3085551
6533,Biercée,4.2594865,50.3245498
6534,Gozée,4.351614,50.3334575
6536,Donstiennes,4.3113889,50.2855556
6536,Thuillies,4.3309528,50.3003425
6540,Lobbes,4.2662585,50.3682434
6540,Mont-Sainte-Geneviève,4.2365499,50.3722603
6542,Sars-La-Buissière,4.2098006,50.3397381
6543,Bienne-Lez-Happart,4.216185,50.3521841
6560,Bersillies-L'abbaye,4.1490501,50.2630353
6560,Erquelinnes,4.1113839,50.3073558
6560,Grand-Reng,4.0747949,50.3306631
6560,Hantes-Wihéries,4.1778621,50.3053426
6560,Montignies-Saint-Christophe,4.1914995,50.282205
6560,Solre-Sur-Sambre,4.1578836,50.3071512
6567,Fontaine-Valmont,4.2155052,50.3180022
6567,Labuissière,4.1854165,50.315854
6567,Merbes-Le-Château,4.1645212,50.3244185
6567,Merbes-Sainte-Marie,4.1708963,50.3557862
6590,Momignies,4.1789941,50.031015
6591,Macon,4.20912,50.05062
6592,Monceau-Imbrechies,4.22773,50.03796
6593,Macquenoise,4.17862,49.97559
6594,Beauwelz,4.15651,50.01401
6596,Forge-Philippe,4.25299,49.96687
6596,Seloignes,4.25613,50.01525
6600,Bastogne,5.7152666,50.0005973
6600,Longvilly,5.8364836,50.0248837
6600,Noville,5.7607706,50.0637281
6600,Villers-La-Bonne-Eau,5.7481956,49.9340321
6600,Wardin,5.7882474,49.9911002
6630,Martelange,5.7333333,49.8166667
6637,Fauvillers,5.6627735,49.851562
6637,Hollange,5.6888102,49.9064911
6637,Tintange,5.7515418,49.878755
6640,Hompré,5.6869659,49.9443952
6640,Morhet,5.5841583,49.9633899
6640,Nives,5.6019444,49.9141667
6640,Sibret,5.6341847,49.9706602
6640,Vaux-Lez-Rosières,5.5677,49.9125
6640,Vaux-Sur-Sûre,5.6202645,49.9444556
6642,Juseret,5.5492587,49.8797422
6660,Houffalize,5.6912202,50.1419014
6660,Nadrin,5.6827858,50.159002
6661,Mont,5.7695926,50.1532229
6661,Tailles,5.7466501,50.2265221
6662,Tavigny,5.8393883,50.1088963
6663,Mabompré,5.7403204,50.0989674
6666,Wibrin,5.7175372,50.1661241
6670,Gouvy,5.9245645,50.1457074
6670,Limerlé,5.9243825,50.1572636
6671,Bovigny,5.919055,50.2250817
6672,Beho,5.9980109,50.2196586
6673,Cherain,5.8653043,50.1805372
6674,Montleban,5.8376462,50.2120826
6680,Amberloup,5.5296068,50.0317221
6680,Tillet,5.5296828,50.0104453
6681,Lavacherie,5.5100095,50.0528654
6686,Flamierge,5.6043762,50.0335764
6687,Bertogne,5.6808856,50.0908293
6688,Longchamps,5.6908206,50.0535609
6690,Bihain,5.808717,50.2380618
6690,Vielsalm,5.8711513,50.2517425
6692,Petit-Thier,5.9894564,50.3026042
6698,Grand-Halleux,5.9066265,50.3260048
6700,Arlon,5.8166667,49.6833333
6700,Bonnert,5.8187693,49.7108981
6700,Heinsch,5.7436111,49.6988889
6700,Toernich,5.7791223,49.652491
6704,Guirsch,5.8286286,49.7098711
6706,Autelbas,5.868177,49.6482984
6717,Attert,5.7865368,49.7506889
6717,Nobressart,5.7178818,49.7399967
6717,Nothomb,5.7885145,49.7723268
6717,Thiaumont,5.7307767,49.7153956
6717,Tontelange,5.8098272,49.7259512
6720,Habay-La-Neuve,5.6460452,49.7280718
6720,Hachy,5.680422,49.7018218
6721,Anlier,5.6208137,49.7718846
6723,Habay-La-Vieille,5.6192831,49.7234933
6724,Houdemont,5.5840477,49.7188508
6724,Rulles,5.5596208,49.7184613
6730,Bellefontaine,5.4964735,49.6639401
6730,Rossignol,5.4856597,49.7175007
6730,Saint-Vincent,5.4757436,49.6772976
6730,Tintigny,5.5131279,49.6833444
6740,Etalle,5.57796,49.6694372
6740,Sainte-Marie-Sur-Semois,5.5640506,49.6714022
6740,Villers-Sur-Semois,5.5598847,49.6984089
6741,Vance,5.6658379,49.6713167
6742,Chantemelle,5.6526951,49.6529102
6743,Buzenol,5.5953405,49.6456653
6747,Châtillon,5.69657,49.6248
6747,Meix-Le-Tige,5.72069,49.61709
6747,Saint-Léger,5.6566551,49.6119564
6750,Musson,5.7056943,49.5581782
6750,Mussy-La-Ville,5.6620086,49.570673
6750,Signeulx,5.63805,49.55223
6760,Bleid,5.6280964,49.5693096
6760,Ethe,5.5819087,49.5796692
6760,Ruette,5.5949257,49.5365538
6760,Virton,5.5862953,49.5871911
6761,Latour,5.5705855,49.5575295
6762,Saint-Mard,5.5346766,49.5542548
6767,Dampicourt,5.4983333,49.5530556
6767,Harnoncourt,5.4996269,49.5355121
6767,Lamorteau,5.4807287,49.5259975
6767,Torgny,5.4740405,49.5080762
6769,Gérouville,5.426936,49.6204111
6769,Meix-Devant-Virton,5.4779919,49.6056579
6769,Robelmont,5.5078905,49.5944837
6769,Sommethonne,5.4478548,49.5785062
6769,Villers-La-Loue,5.4821567,49.5745676
6780,Hondelange,5.8362868,49.6334358
6780,Messancy,5.8214036,49.6216258
6780,Wolkrange,5.7994452,49.6337423
6781,Sélange,5.8466761,49.6093822
6782,Habergy,5.7581624,49.6145594
6790,Aubange,5.808873,49.5608954
6791,Athus,5.8497214,49.5792831
6792,Halanzy,5.7431355,49.5594682
6792,Rachecourt,5.7267117,49.5911813
6800,Bras,5.3892229,49.9750202
6800,Freux,5.4504457,49.9699861
6800,Libramont-Chevigny,5.37458,49.91842
6800,Moircy,5.4695106,49.9895785
6800,Recogne,5.360253,49.9110798
6800,Remagne,5.4943517,49.9766169
6800,Saint-Pierre,5.3880072,49.9036915
6800,Sainte-Marie-Chevigny,5.4582979,49.9234787
6810,Chiny,5.386743,49.6989693
6810,Izel,5.3722119,49.6937299
6810,Jamoigne,5.4146049,49.694871
6811,Les Bulles,5.4201396,49.7127741
6812,Suxy,5.3993485,49.7639751
6813,Termes,5.4578124,49.7078398
6820,Florenville,5.220133,49.7270823
6820,Fontenoille,5.2343041,49.7150554
6820,Muno,5.1751412,49.7163845
6820,Sainte-Cécile,5.2428643,49.7296613
6821,Lacuisine,5.3173471,49.7163512
6823,Villers-Devant-Orval,5.3314402,49.6196324
6824,Chassepierre,5.2603388,49.7076672
6830,Bouillon,5.0905007,49.7892158
6830,Les Hayons,5.1453939,49.8129802
6830,Poupehan,5.002763,49.8115256
6830,Rochehaut,5.0076505,49.8411879
6831,Noirfontaine,5.0942677,49.8202036
6832,Sensenruth,5.0762113,49.8244628
6833,Ucimont,5.058436,49.8317003
6833,Vivy,5.0384163,49.866876
6834,Bellevaux,5.1101023,49.8405538
6836,Dohan,5.1428394,49.7960885
6838,Corbion,5.0076838,49.7971683
6840,Grandvoir,5.37272,49.85835
6840,Grapfontaine,5.4062,49.8221
6840,Hamipré,5.45735,49.83749
6840,Longlier,5.45288,49.85544
6840,Neufchâteau,5.434177,49.8417539
6840,Tournay,5.39765,49.85469
6850,Carlsbourg,5.0822437,49.8947012
6850,Offagne,5.1749738,49.8861615
6850,Paliseul,5.1345943,49.9037127
6851,Nollevaux,5.1210695,49.8712705
6852,Maissin,5.1791072,49.9646508
6852,Opont,5.1195934,49.9355975
6853,Framont,5.1605186,49.9192841
6856,Fays-Les-Veneurs,5.1643785,49.8577639
6860,Assenois,5.4651471,49.8015106
6860,Ebly,5.5404417,49.8531341
6860,Léglise,5.537628,49.800018
6860,Mellier,5.5221492,49.7685936
6860,Witry,5.6131081,49.8596108
6870,Arville,5.3193343,50.0323784
6870,Awenne,5.3066608,50.0742236
6870,Hatrival,5.3451907,50.0050863
6870,Mirwart,5.2638388,50.0564514
6870,Saint-Hubert,5.3727272,50.0260067
6870,Vesqueville,5.394529,50.0059895
6880,Auby-Sur-Semois,5.1831373,49.8158343
6880,Bertrix,5.2533333,49.8541667
6880,Cugnon,5.202591,49.8023095
6880,Jehonville,5.2003751,49.9068245
6880,Orgeo,5.2995526,49.8364639
6887,Herbeumont,5.2376,49.78095
6887,Saint-Médard,5.32805,49.81182
6887,Straimont,5.3815,49.79551
6890,Anloy,5.221726,49.9494863
6890,Libin,5.2572,49.9815451
6890,Ochamps,5.2775069,49.9249054
6890,Redu,5.1597629,50.0075195
6890,Smuid,5.2667659,50.018765
6890,Transinne,5.2035647,50.000543
6890,Villance,5.2204298,49.9710047
6900,Aye,5.29695,50.22493
6900,Hargimont,5.30625,50.18624
6900,Humain,5.25661,50.20501
6900,Marche-En-Famenne,5.3441606,50.2282896
6900,On,5.28783,50.17382
6900,Roy,5.40707,50.18586
6900,Waha,5.34296,50.21191
6920,Sohier,5.0678053,50.068318
6920,Wellin,5.0650474,50.0575065
6921,Chanly,5.1540758,50.0796147
6922,Halma,5.1363449,50.0757255
6924,Lomprez,5.092396,50.0762069
6927,Bure,5.2594882,50.0883647
6927,Grupont,5.2801805,50.0917339
6927,Resteigne,5.1761749,50.0836994
6927,Tellin,5.21592,50.0784639
6929,Daverdisse,5.1182335,50.020301
6929,Gembes,5.0656928,49.9948698
6929,Haut-Fays,5.0175845,50.0011935
6929,Porcheresse,5.0870126,49.9782394
6940,Barvaux-Sur-Ourthe,5.49306,50.35064
6940,Durbuy,5.4345624,50.3350543
6940,Grandhan,5.41132,50.32946
6940,Septon,5.42168,50.35506
6940,Wéris,5.53048,50.32612
6941,Bende,5.41544,50.41954
6941,Bomal-Sur-Ourthe,5.52348,50.37901
6941,Borlon,5.40511,50.379
6941,Heyd,5.56188,50.34725
6941,Izier,5.5795356,50.383803
6941,Tohogne,5.48013,50.37975
6941,Villers-Sainte-Gertrude,5.5800674,50.3616152
6950,Harsin,5.3479488,50.1735662
6950,Nassogne,5.3664669,50.1109477
6951,Bande,5.41552,50.1670102
6952,Grune,5.3812924,50.1547678
6953,Ambly,5.3117953,50.1443527
6953,Forrières,5.2807925,50.1338181
6953,Lesterny,5.2801707,50.1116414
6953,Masbourg,5.31374,50.11341
6960,Dochamps,5.62343,50.23277
6960,Grandmenil,5.65989,50.29051
6960,Harre,5.65617,50.35055
6960,Malempré,5.71243,50.28173
6960,Odeigne,5.68022,50.25693
6960,Vaux-Chavanne,5.69123,50.30484
6970,Tenneville,5.461307,50.0859055
6971,Champlon,5.5021264,50.1074532
6972,Erneuville,5.5493302,50.1128285
6980,Beausaint,5.5539293,50.1700454
6980,La Roche-En-Ardenne,5.5556243,50.1845991
6982,Samrée,5.6590863,50.2002587
6983,Ortho,5.6139791,50.1250676
6984,Hives,5.5776532,50.1505142
6986,Halleux,5.5010126,50.1721642
6987,Beffe,5.52355,50.24502
6987,Hodister,5.49603,50.1999
6987,Marcourt,5.53161,50.21445
6987,Rendeux,5.5081521,50.2348339
6990,Fronville,5.42208,50.29448
6990,Hampteau,5.47042,50.25867
6990,Hotton,5.44568,50.26728
6990,Marenne,5.41639,50.24251
6997,Amonines,5.55809,50.26474
6997,Erezée,5.55853,50.29172
6997,Mormont,5.59218,50.327
6997,Soy,5.51107,50.28564
7000,Mons,3.9566904,50.4542165
7010,Shape,3.9895566,50.5048404
7011,Ghlin,3.9020509,50.4742291
7012,Flénu,3.8889901,50.4336915
7012,Jemappes,3.8990501,50.4479352
7020,Maisières,3.965319,50.4885712
7020,Nimy,3.9552523,50.4765848
7021,Havre,4.0453246,50.4639119
7022,Harmignies,4.0174614,50.4060459
7022,Harveng,3.987102,50.3946189
7022,Hyon,3.9607279,50.4395855
7022,Mesvin,3.9582718,50.4259641
7022,Nouvelles,3.9671418,50.4104361
7024,Ciply,3.9462109,50.4219839
7030,Saint-Symphorien,4.0118304,50.4378687
7031,Villers-Saint-Ghislain,4.0409306,50.4320932
7032,Spiennes,3.989321,50.4251859
7033,Cuesmes,3.9240678,50.4362266
7034,Obourg,4.0091225,50.4742413
7034,Saint-Denis,4.0192594,50.4910335
7040,Asquillies,3.95447,50.40066
7040,Aulnois,3.902,50.34048
7040,Blaregnies,3.89704,50.35715
7040,Bougnies,3.93863,50.38694
7040,Genly,3.912182,50.3910334
7040,Goegnies-Chaussée,3.94686,50.34235
7040,Quévy-Le-Grand,3.94721,50.36065
7040,Quévy-Le-Petit,3.93351,50.36854
7041,Givry,4.03584,50.37943
7041,Havay,3.98337,50.36155
7050,Erbaut,3.8841662,50.5329492
7050,Erbisoeul,3.8966431,50.5161101
7050,Herchies,3.8576244,50.5275483
7050,Jurbise,3.9107946,50.5328889
7050,Masnuy-Saint-Jean,3.9451238,50.5310497
7050,Masnuy-Saint-Pierre,3.960863,50.5364971
7060,Horrues,4.0427256,50.6085349
7060,Soignies,4.0573135,50.5777389
7061,Casteau,4.0133385,50.5159354
7061,Thieusies,4.0482964,50.5151741
7062,Naast,4.0991332,50.5543555
7063,Chaussée-Notre-Dame-Louvignies,3.9983062,50.5927405
7063,Neufvilles,4.0026575,50.5685485
7070,Gottignies,4.06031,50.49657
7070,Le Roeulx,4.105882,50.501765
7070,Mignault,4.15313,50.528
7070,Thieu,4.09152,50.47363
7070,Ville-Sur-Haine,4.06913,50.47529
7080,Eugies,3.88777,50.39021
7080,Frameries,3.89551,50.41094
7080,La Bouverie,3.8747222,50.4055556
7080,Noirchain,3.93218,50.40176
7080,Sars-La-Bruyère,3.87611,50.37247
7090,Braine-Le-Comte,4.13484,50.60936
7090,Hennuyères,4.1696,50.63843
7090,Henripont,4.1854,50.59933
7090,Petit-Roeulx-Lez-Braine,4.0886,50.62539
7090,Ronquières,4.22094,50.6079
7090,Steenkerque,4.06922,50.64325
7100,Haine-Saint-Paul,4.19126,50.45313
7100,Haine-Saint-Pierre,4.1996,50.45413
7100,La Louvière,4.1892216,50.469385
7100,Saint-Vaast,4.16036,50.45431
7100,Trivières,4.14802,50.45041
7110,Boussoit,4.07783,50.46022
7110,Houdeng-Aimeries,4.1446,50.48578
7110,Houdeng-Goegnies,4.15428,50.48815
7110,Maurage,4.09927,50.4567
7110,Strépy-Bracquegnies,4.12,50.48055
7120,Croix-Lez-Rouveroy,4.07692,50.36152
7120,Estinnes-Au-Mont,4.09623,50.39652
7120,Estinnes-Au-Val,4.10407,50.41115
7120,Fauroeulx,4.1104,50.37022
7120,Haulchin,4.08188,50.3843
7120,Peissant,4.0833333,50.3833333
7120,Rouveroy,4.06213,50.35544
7120,Vellereille-Le-Sec,4.05847,50.40195
7120,Vellereille-Les-Brayeux,4.15195,50.3793
7130,Battignies,4.16889,50.41691
7130,Binche,4.1185307,50.4278907
7130,Bray,4.10543,50.43164
7131,Waudrez,4.14948,50.41332
7133,Buvrinnes,4.20524,50.38873
7134,Epinois,4.20728,50.40558
7134,Leval-Trahegnies,4.21766,50.41653
7134,Péronnes-Lez-Binche,4.14874,50.43722
7134,Ressaix,4.19475,50.42188
7140,Morlanwelz-Mariemont,4.2297719,50.4523812
7141,Carnières,4.2549,50.44139
7141,Mont-Sainte-Aldegonde,4.23345,50.43056
7160,Chapelle-Lez-Herlaimont,4.28082,50.47124
7160,Godarville,4.28842,50.49626
7160,Piéton,4.29622,50.43749
7170,Bellecourt,4.25438,50.48307
7170,Bois-D'haine,4.22108,50.50407
7170,Fayt-Lez-Manage,4.22764,50.48706
7170,La Hestre,4.2299939,50.475919
7170,Manage,4.23529,50.50303
7180,Seneffe,4.2721491,50.5285674
7181,Arquennes,4.2748602,50.5678375
7181,Familleureux,4.2110894,50.522862
7181,Feluy,4.250265,50.562207
7181,Petit-Roeulx-Lez-Nivelles,4.3107658,50.5548179
7190,Ecaussinnes-D'enghien,4.1538788,50.5608812
7190,Marche-Lez-Ecaussinnes,4.1819002,50.5469243
7191,Ecaussinnes-Lalaing,4.1775465,50.5700581
7300,Boussu,3.7969506,50.425877
7301,Hornu,3.82627,50.43634
7320,Bernissart,3.6459245,50.4824696
7321,Blaton,3.6598433,50.4992803
7321,Harchies,3.6823497,50.4813246
7322,Pommeroeul,3.7129612,50.4623107
7322,Ville-Pommeroeul,3.7293137,50.4708319
7330,Saint-Ghislain,3.8183635,50.4490864
7331,Baudour,3.8377399,50.4832756
7332,Neufmaison,3.7936731,50.5293542
7332,Sirault,3.7899285,50.5041746
7333,Tertre,3.8118542,50.4668162
7334,Hautrage,3.7659709,50.4792056
7334,Villerot,3.7905933,50.4865886
7340,Colfontaine,3.84598,50.41423
7340,Paturages,3.8383261,50.4048263
7340,Warquignies,3.8216781,50.4010549
7340,Wasmes,3.8449946,50.4219636
7350,Hainin,3.7656597,50.4306618
7350,Hensies,3.684904,50.4327789
7350,Montroeul-Sur-Haine,3.7039398,50.4355247
7350,Thulin,3.7391863,50.4290487
7370,Blaugies,3.8058371,50.372016
7370,Dour,3.7827922,50.4000125
7370,Elouges,3.7522644,50.4025947
7370,Wihéries,3.7525313,50.385473
7380,Baisieux,3.697523,50.390588
7380,Quiévrain,3.6904002,50.4034322
7382,Audregnies,3.7175716,50.3830616
7387,Angre,3.69813,50.36839
7387,Angreau,3.69081,50.35064
7387,Athis,3.77806,50.36563
7387,Autreppe,3.73442,50.34914
7387,Erquennes,3.79349,50.35941
7387,Fayt-Le-Franc,3.77132,50.3581
7387,Marchipont,3.67255,50.37506
7387,Montignies-Sur-Roc,3.73608,50.36841
7387,Onnezies,3.71647,50.36319
7387,Roisin,3.6942525,50.366628
7390,Quaregnon,3.8645777,50.4443909
7390,Wasmuel,3.8453838,50.4456324
7500,Ere,3.3683528,50.5809075
7500,Saint-Maur,3.3945263,50.5727181
7500,Tournai,3.3880367,50.6056059
7501,Orcq,3.3473905,50.6028664
7502,Esplechin,3.3039872,50.5736959
7503,Froyennes,3.3471214,50.6229047
7504,Froidmont,3.3280009,50.5784046
7506,Willemeau,3.3491191,50.573464
7510,3 Suisses,4.3538888,50.8333476
7520,Ramegnies-Chin,3.3369103,50.651422
7520,Templeuve,3.283159,50.6448071
7521,Chercq,3.4220483,50.589481
7522,Blandain,3.3037827,50.6250532
7522,Hertain,3.289636,50.6134736
7522,Lamain,3.2922108,50.6007064
7522,Marquain,3.3226106,50.6042275
7530,Gaurain-Ramecroix,3.4892888,50.5938686
7531,Havinnes,3.463517,50.6157317
7532,Beclers,3.5046928,50.6209471
7533,Thimougies,3.5096897,50.6345381
7534,Barry,3.5416068,50.5848568
7534,Maulde,3.5480139,50.6165291
7536,Vaulx,3.4334752,50.5903852
7538,Vezon,3.5002803,50.5719086
7540,Kain,3.3788194,50.6379973
7540,Melles,3.4826517,50.6466009
7540,Quartes,3.513078,50.6493706
7540,Rumillies,3.4368434,50.6199434
7542,Mont-Saint-Aubert,3.4040353,50.6548281
7543,Mourcourt,3.4442619,50.6531232
7548,Warchin,3.4233289,50.6103448
7600,Péruwelz,3.6013594,50.5149368
7601,Roucourt,3.5871404,50.5291691
7602,Bury,3.5934527,50.5424563
7603,Bon-Secours,3.6073123,50.4974738
7604,Baugnies,3.5517755,50.5615397
7604,Braffe,3.5820315,50.5522367
7604,Brasmenil,3.5468718,50.541468
7604,Callenelle,3.5243768,50.5313231
7604,Wasmes-Audemez-Briffoeil,3.5359058,50.5512323
7608,Wiers,3.5327736,50.5083673
7610,Rumes,3.3022239,50.554887
7611,La Glanerie,3.3041667,50.5302778
7618,Taintignies,3.3403627,50.5467427
7620,Bléharies,3.4148305,50.513041
7620,Guignies,3.3669917,50.5473025
7620,Hollain,3.4273185,50.5443138
7620,Jollain-Merlin,3.4039924,50.5391272
7620,Wez-Velvain,3.389033,50.5477881
7621,Lesdain,3.3892118,50.5204844
7622,Laplaigne,3.4469774,50.5207793
7623,Rongy,3.3911678,50.5084038
7624,Howardries,3.3557201,50.506075
7640,Antoing,3.4596501,50.5503239
7640,Maubray,3.4999451,50.5512055
7640,Péronnes-Lez-Antoing,3.4541886,50.5503284
7641,Bruyelle,3.4276343,50.5573826
7642,Calonne,3.4365062,50.5780363
7643,Fontenoy,3.4736321,50.567749
7700,Luingne,3.2337149,50.738441
7700,Mouscron,3.219272,50.7459126
7711,Dottignies,3.3048918,50.7281602
7712,Herseaux,3.2326156,50.722568
7730,Bailleul,3.3186808,50.6697693
7730,Estaimbourg,3.3098471,50.6803312
7730,Estaimpuis,3.2758222,50.6755806
7730,Evregnies,3.2865695,50.7129496
7730,Leers-Nord,3.2718413,50.6876942
7730,Néchin,3.2690718,50.6670101
7730,Saint-Léger,3.3183539,50.7067812
7740,Pecq,3.3314663,50.699374
7740,Warcoing,3.3439836,50.7043825
7742,Hérinnes-Lez-Pecq,3.3633472,50.701341
7743,Esquelmes,3.3479165,50.6656092
7743,Obigies,3.3640454,50.6619166
7750,Amougies,3.5068355,50.74428
7750,Anseroeul,3.5212662,50.726965
7750,Orroir,3.4794562,50.748643
7750,Russeignies,3.530783,50.7446224
7760,Celles,3.4574913,50.7121072
7760,Escanaffles,3.4480032,50.7536795
7760,Molenbaix,3.4299807,50.6932647
7760,Popuelles,3.518789,50.6624916
7760,Pottes,3.4064337,50.7311992
7760,Velaines,3.4866943,50.6698088
7780,Comines,2.9997061,50.7687459
7780,Comines-Warneton,2.9997573,50.7811468
7781,Houthem,2.9641654,50.7867816
7782,Ploegsteert,2.8733669,50.7323288
7783,Bizet,2.8975904,50.703152
7784,Bas-Warneton,2.9610169,50.7591263
7784,Warneton,2.9488295,50.7527699
7800,Ath,3.7882733,50.6335009
7800,Lanquesaint,3.8065319,50.6532856
7801,Irchonwelz,3.7590505,50.6179756
7802,Ormeignies,3.7510985,50.5946299
7803,Bouvignies,3.7664662,50.6467287
7804,Ostiches,3.7590705,50.678456
7804,Rebaix,3.7835209,50.6604453
7810,Maffle,3.8057979,50.6169973
7811,Arbre,3.8165211,50.6124045
7812,Houtaing,3.679122,50.6405033
7812,Ligne,3.7046301,50.6215858
7812,Mainvault,3.7168499,50.6490683
7812,Moulbaix,3.7157035,50.6015858
7812,Villers-Notre-Dame,3.7361557,50.6168631
7812,Villers-Saint-Amand,3.7289144,50.6227748
7822,Ghislenghien,3.8774062,50.6565066
7822,Isières,3.8176928,50.665394
7822,Meslin-L'evêque,3.8474277,50.649351
7823,Gibecq,3.887925,50.6383168
7830,Bassilly,3.9336848,50.6767826
7830,Fouleng,3.927783,50.6182079
7830,Gondregnies,3.911932,50.6272859
7830,Graty,3.9960425,50.6319712
7830,Hellebecq,3.8882654,50.6633699
7830,Hoves,4.0356997,50.6707875
7830,Silly,3.924992,50.647385
7830,Thoricourt,3.9550981,50.6113357
7850,Enghien,4.0418874,50.6947227
7850,Marcq,4.0154,50.6914447
7850,Petit-Enghien,4.0829937,50.6913651
7860,Lessines,3.8348594,50.7047124
7861,Papignies,3.8165855,50.6863766
7861,Wannebecq,3.7997435,50.6944009
7862,Ogy,3.7806795,50.7207024
7863,Ghoy,3.8103491,50.7298753
7864,Deux-Acren,3.8540312,50.7289132
7866,Bois-De-Lessines,3.8881698,50.6968993
7866,Ollignies,3.8591532,50.6846628
7870,Bauffe,3.8531354,50.56992
7870,Cambron-Saint-Vincent,3.9170981,50.5819027
7870,Lens,3.9005816,50.5566517
7870,Lombise,3.9392615,50.5996637
7870,Montignies-Lez-Lens,3.9441093,50.5642943
7880,Flobecq,3.73852,50.7367
7890,Ellezelles,3.6784533,50.7340811
7890,Lahamaide,3.724979,50.6949026
7890,Wodecq,3.7467894,50.7184846
7900,Grandmetz,3.6310729,50.6230881
7900,Leuze-En-Hainaut,3.6241539,50.5971918
7901,Thieulain,3.6051759,50.6179227
7903,Blicquy,3.6916495,50.5871723
7903,Chapelle-À-Oie,3.6706651,50.5966376
7903,Chapelle-À-Wattines,3.6525272,50.6121186
7904,Pipaix,3.5787649,50.5836922
7904,Tourpes,3.6548155,50.5710803
7904,Willaupuis,3.6032726,50.5666962
7906,Gallaix,3.5739204,50.6053041
7910,Anvaing,3.5610313,50.6827667
7910,Arc-Ainières,3.5469602,50.7021983
7910,Arc-Wattripont,3.5480229,50.728684
7910,Cordes,3.5329359,50.6884582
7910,Ellignies-Lez-Frasnes,3.59064,50.67474
7910,Forest,3.5366398,50.6732879
7910,Wattripont,3.5480229,50.728684
7911,Buissenal,3.6557135,50.6642045
7911,Frasnes-Lez-Buissenal,3.6197759,50.6699339
7911,Hacquegnies,3.5935257,50.6513567
7911,Herquegies,3.5780843,50.6349791
7911,Montroeul-Au-Bois,3.5721235,50.6475838
7911,Moustier,3.6201695,50.6560229
7911,Oeudeghien,3.7088142,50.6793101
7912,Dergneau,3.5689855,50.7132742
7912,Saint-Sauveur,3.5973713,50.7062467
7940,Brugelette,3.8545291,50.5991751
7940,Cambron-Casteau,3.8801355,50.5890218
7941,Attre,3.8384917,50.6067064
7942,Mévergnies-Lez-Lens,3.8525209,50.60734
7943,Gages,3.8905197,50.606841
7950,Chièvres,3.80609,50.58597
7950,Grosage,3.75643,50.54469
7950,Huissignies,3.7541,50.56482
7950,Ladeuze,3.76861,50.56447
7950,Tongre-Saint-Martin,3.78884,50.58693
7951,Tongre-Notre-Dame,3.7755504,50.5814329
7970,Beloeil,3.7256357,50.5317621
7971,Basècles,3.6488934,50.5259119
7971,Ramegnies,3.634732,50.544033
7971,Thumaide,3.6304535,50.5403972
7971,Wadelincourt,3.6533891,50.5376959
7972,Aubechies,3.6814062,50.5724436
7972,Ellignies-Saint-Anne,3.67696,50.5627762
7972,Quevaucamps,3.6801487,50.5186636
7973,Grandglise,3.6942392,50.505325
7973,Stambruges,3.7172081,50.5085894
8000,Brugge,3.2247013,51.2093488
8000,Koolkerke,3.248109,51.2403327
8020,Hertsberge,3.2730671,51.1053969
8020,Oostkamp,3.2332169,51.1545363
8020,Ruddervoorde,3.2065193,51.095941
8020,Waardamme,3.2193165,51.1133317
8200,Sint-Andries,3.1794755,51.1972024
8200,Sint-Michiels,3.2082098,51.1858939
8210,Loppem,3.1959225,51.1559088
8210,Veldegem,3.1595129,51.1045154
8210,Zedelgem,3.1369128,51.1423355
8211,Aartrijke,3.0900794,51.1191688
8300,Knokke,3.2893221,51.3467066
8300,Westkapelle,3.3028853,51.3157028
8301,Heist-Aan-Zee,3.2400417,51.3403638
8301,Ramskapelle,3.2516251,51.3136364
8310,Assebroek,3.2550607,51.2020234
8310,Sint-Kruis,3.2512976,51.214297
8340,Damme,3.287712,51.250818
8340,Hoeke,3.336729,51.2916219
8340,Lapscheure,3.3568337,51.2776457
8340,Moerkerke,3.340071,51.2430573
8340,Oostkerke,3.2938857,51.2785542
8340,Sijsele,3.3212461,51.2015613
8370,Blankenberge,3.1327685,51.3123743
8370,Uitkerke,3.1429,51.3033
8377,Houtave,3.1104678,51.2359799
8377,Meetkerke,3.1514099,51.2350824
8377,Nieuwmunster,3.0986683,51.273778
8377,Zuienkerke,3.15,51.25
8380,Dudzele,3.2247366,51.2736603
8380,Lissewege,3.1923223,51.2941105
8380,Zeebrugge,3.20137,51.330074
8400,Oostende,2.9,51.2166667
8400,Stene,2.914688,51.2026843
8400,Zandvoorde,2.9750305,51.2012273
8420,De Haan,3.0380713,51.2500373
8420,Klemskerke,3.0229766,51.2433832
8420,Wenduine,3.0830791,51.2976457
8421,Vlissegem,3.0638644,51.2598471
8430,Middelkerke,2.8060231,51.1798869
8431,Wilskerke,2.825943,51.1796383
8432,Leffinge,2.87711,51.17567
8433,Mannekensvere,2.8181826,51.1259337
8433,Schore,2.8392235,51.1117368
8433,Sint-Pieters-Kapelle,2.8759234,51.1262331
8433,Slijpe,2.8472073,51.1553124
8434,Lombardsijde,2.7565537,51.1478198
8434,Westende,2.7695246,51.1519765
8450,Bredene,2.9728359,51.2345015
8460,Ettelgem,3.0302382,51.1795852
8460,Oudenburg,3.0068564,51.1836837
8460,Roksem,3.0276368,51.1674713
8460,Westkerke,3.0154519,51.1644881
8470,Gistel,2.9676432,51.1562662
8470,Moere,2.9559016,51.1225897
8470,Snaaskerke,2.939082,51.1775854
8470,Zevekote,2.9200416,51.1375112
8480,Bekegem,3.0453899,51.1597289
8480,Eernegem,3.0274116,51.129505
8480,Ichtegem,3.0106022,51.0928542
8490,Jabbeke,3.0948244,51.1829867
8490,Snellegem,3.1230877,51.1690484
8490,Stalhille,3.0721578,51.2140395
8490,Varsenare,3.1421014,51.1891579
8490,Zerkegem,3.0693013,51.1665002
8500,Kortrijk,3.2577076,50.8194894
8501,Bissegem,3.2280954,50.8241103
8501,Heule,3.23472,50.8431958
8510,Bellegem,3.2784441,50.776603
8510,Kooigem,3.3313161,50.7396942
8510,Marke,3.2335928,50.8070105
8510,Rollegem,3.2634359,50.7659873
8511,Aalbeke,3.2299377,50.7784023
8520,Kuurne,3.287,50.85397
8530,Harelbeke,3.3121073,50.8455798
8531,Bavikhove,3.3112054,50.8754986
8531,Hulste,3.2982426,50.8804452
8540,Deerlijk,3.35335,50.85374
8550,Zwevegem,3.3505258,50.8080392
8551,Heestert,3.410366,50.7826441
8552,Moen,3.3974267,50.7699733
8553,Otegem,3.4239803,50.8081889
8554,Sint-Denijs,3.3653137,50.7530651
8560,Gullegem,3.1989718,50.8447689
8560,Moorsele,3.1646335,50.8405959
8560,Wevelgem,3.181306,50.810241
8570,Anzegem,3.4789005,50.8335097
8570,Gijzelbrechtegem,3.5058127,50.8285391
8570,Ingooigem,3.4342331,50.8173718
8570,Vichte,3.4030323,50.8378727
8572,Kaster,3.4938322,50.8131679
8573,Tiegem,3.4752664,50.8086089
8580,Avelgem,3.4511795,50.7790895
8581,Kerkhove,3.5006455,50.7983592
8581,Waarmaarde,3.4854501,50.7908774
8582,Outrijve,3.4292885,50.7560066
8583,Bossuit,3.4072881,50.7481174
8587,Espierres,3.35537,50.7184934
8587,Helchin,3.3811463,50.7321848
8600,Beerst,2.8868758,51.0589145
8600,Diksmuide,2.8639865,51.0317064
8600,Driekapellen,3.9862194,50.7063183
8600,Esen,2.9021449,51.0294434
8600,Kaaskerke,2.8364554,51.0357927
8600,Keiem,2.8821755,51.0807421
8600,Lampernisse,2.7685298,51.0325467
8600,Leke,2.8904342,51.1004367
8600,Nieuwkapelle,2.7999063,50.999433
8600,Oostkerke,2.7972622,51.0464297
8600,Oudekapelle,2.8080138,51.0135407
8600,Pervijze,2.7941219,51.0733467
8600,Sint-Jacobs-Kapelle,2.8338522,51.0164049
8600,Stuivekenskerke,2.825052,51.0767668
8600,Vladslo,2.916271,51.0464012
8600,Woumen,2.8697759,50.9983803
8610,Handzame,3.0031283,51.025671
8610,Kortemark,3.0333333,51.0166667
8610,Werken,2.9646703,51.0291439
8610,Zarren,2.9589059,51.0184331
8620,Nieuwpoort,2.7480064,51.1285059
8620,Ramskapelle,2.7620106,51.1095483
8620,Sint-Joris,2.7723581,51.1291298
8630,Avekapelle,2.7329511,51.0663475
8630,Booitshoeke,2.7332623,51.0869455
8630,Bulskamp,2.6500228,51.0413505
8630,De Moeren,2.6002778,51.0430556
8630,Eggewaartskapelle,2.7218286,51.0496759
8630,Houtem,2.6096642,51.0104746
8630,Steenkerke,2.6892647,51.0574271
8630,Veurne,2.6680059,51.0731945
8630,Vinkem,2.6628519,51.0161527
8630,Wulveringem,2.6544608,51.014517
8630,Zoutenaaie,2.75075,51.0485937
8640,Oostvleteren,2.7367963,50.9318028
8640,Westvleteren,2.716907,50.9276053
8640,Woesten,2.7891271,50.9006632
8647,Lo,2.7489727,50.9806703
8647,Noordschote,2.810466,50.9546429
8647,Pollinkhove,2.7322734,50.9710805
8647,Reninge,2.7888518,50.9475628
8650,Houthulst,2.9457764,50.9773885
8650,Klerken,2.9041727,50.9980304
8650,Merkem,2.8523982,50.9528136
8660,Adinkerke,2.6034114,51.0751267
8660,De Panne,2.5905441,51.096303
8670,Koksijde,2.6500795,51.1053908
8670,Oostduinkerke,2.6824907,51.1158173
8670,Wulpen,2.6991737,51.1007563
8680,Bovekerke,2.9627034,51.0544659
8680,Koekelare,2.9666667,51.0833333
8680,Zande,2.9222322,51.1200517
8690,Alveringem,2.7130822,51.0122085
8690,Hoogstade,2.6916569,50.9795594
8690,Oeren,2.7052385,51.0230442
8690,Sint-Rijkers,2.687814,50.9915951
8691,Beveren-Aan-De-Ijzer,2.7301882,51.0301988
8691,Gijverinkhove,2.6725749,50.9761349
8691,Izenberge,2.6547262,50.9942337
8691,Leisele,2.6234329,50.9855486
8691,Stavele,2.6699315,50.938552
8700,Aarsele,3.4224989,50.9969343
8700,Kanegem,3.4033279,51.0134353
8700,Schuiferskapelle,3.33383,51.0328997
8700,Tielt,3.3263821,51.0001519
8710,Ooigem,3.3365046,50.8933706
8710,Sint-Baafs-Vijve,3.3907682,50.9103986
8710,Wielsbeke,3.3724687,50.9099543
8720,Dentergem,3.4186283,50.9636458
8720,Markegem,3.4026412,50.9458591
8720,Oeselgem,3.4319099,50.9350995
8720,Wakken,3.3979722,50.9306218
8730,Beernem,3.345278,51.143049
8730,Oedelem,3.3397246,51.1685563
8730,Sint-Joris,3.3683708,51.1275828
8740,Egem,3.2590301,51.0148444
8740,Pittem,3.2666639,50.9942681
8750,Wingene,3.2748,51.05865
8750,Zwevezele,3.21047,51.03609
8755,Ruiselede,3.3970513,51.0413098
8760,Meulebeke,3.28637,50.9506
8770,Ingelmunster,3.26284,50.92325
8780,Oostrozebeke,3.3346008,50.9202012
8790,Waregem,3.4231317,50.8869521
8791,Beveren,3.3465118,50.873981
8792,Desselgem,3.3494059,50.8868997
8793,Sint-Eloois-Vijve,3.4098713,50.9034885
8800,Beveren,3.1443098,50.9685498
8800,Oekene,3.1609844,50.9202542
8800,Roeselare,3.129445,50.949931
8800,Rumbeke,3.1560374,50.9332448
8810,Lichtervelde,3.1439409,51.0277203
8820,Torhout,3.1015858,51.0649742
8830,Gits,3.0999918,50.9970116
8830,Hooglede,3.0814646,50.9785141
8840,Oostnieuwkerke,3.0642828,50.9423778
8840,Staden,3.014488,50.9745786
8840,Westrozebeke,3.012283,50.931897
8850,Ardooie,3.1988027,50.979065
8851,Koolskamp,3.2117867,51.0019392
8860,Lendelede,3.2381931,50.8862994
8870,Emelgem,3.2178679,50.9271506
8870,Izegem,3.214185,50.92019
8870,Kachtem,3.1924033,50.9318824
8880,Ledegem,3.1274479,50.8549686
8880,Rollegem-Kapelle,3.1449509,50.8682853
8880,Sint-Eloois-Winkel,3.1823566,50.8762769
8890,Dadizele,3.0944555,50.8516407
8890,Moorslede,3.0632369,50.891147
8900,Brielen,2.8501053,50.867386
8900,Dikkebus,2.8318862,50.8205936
8900,Ieper,2.8779465,50.8492265
8900,Sint-Jan,2.9021437,50.866914
8902,Hollebeke,2.9371958,50.8053761
8902,Voormezele,2.875805,50.8165607
8902,Zillebeke,2.9225399,50.8345035
8904,Boezinge,2.8547932,50.8967457
8904,Zuidschote,2.8295441,50.9130344
8906,Elverdinge,2.817508,50.8858801
8908,Vlamertinge,2.8243473,50.8536639
8920,Bikschote,2.8646858,50.9258047
8920,Langemark,2.920005,50.9135965
8920,Poelkapelle,2.9565978,50.9176532
8930,Lauwe,3.1849946,50.7946478
8930,Menen,3.1214422,50.7961693
8930,Rekkem,3.1641132,50.782807
8940,Geluwe,3.0767048,50.8099859
8940,Wervik,3.0441692,50.7838218
8950,Nieuwkerke,2.8252871,50.7460655
8951,Dranouter,2.7829724,50.7659194
8952,Wulvergem,2.8524263,50.7601685
8953,Wijtschate,2.8831131,50.7858578
8954,Westouter,2.7464372,50.7971484
8956,Kemmel,2.8286179,50.7832795
8957,Messines,2.8976699,50.7638555
8958,Loker,2.7721461,50.7817391
8970,Poperinge,2.7211761,50.8452065
8970,Reningelst,2.7634047,50.8170545
8972,Krombeke,2.6885943,50.9148551
8972,Proven,2.6560368,50.8904872
8972,Roesbrugge-Haringe,2.6167488,50.9055032
8978,Watou,2.6206457,50.8588172
8980,Beselare,3.024675,50.84788
8980,Geluveld,2.9939124,50.8338478
8980,Passendale,3.0207328,50.9002575
8980,Zandvoorde,2.9816989,50.8123365
8980,Zonnebeke,2.9874714,50.8727334
9000,Gent,3.7290914,51.0678307
9030,Mariakerke,3.680642,51.0736204
9031,Drongen,3.6500631,51.0509087
9032,Wondelgem,3.7160657,51.0905009
9040,Sint-Amandsberg,3.7509905,51.0593304
9041,Oostakker,3.7642304,51.099713
9042,Desteldonk,3.7825691,51.1220868
9042,Mendonk,3.8193015,51.1447934
9042,Sint-Kruis-Winkel,3.8158001,51.1558401
9050,Gentbrugge,3.7640148,51.0342951
9050,Ledeberg,3.7412237,51.0371743
9051,Afsnee,3.6661568,51.0305603
9051,Sint-Denijs-Westrem,3.6695793,51.0200854
9052,Zwijnaarde,3.7106183,50.9998062
9060,Zelzate,3.8119772,51.1987114
9070,Destelbergen,3.800096,51.054075
9070,Heusden,3.8036959,51.0327975
9080,Beervelde,3.8805757,51.0800983
9080,Lochristi,3.8378336,51.0974848
9080,Zaffelare,3.8618077,51.1324891
9080,Zeveneken,3.8988663,51.1074665
9090,Gontrode,3.7972911,50.9834948
9090,Melle,3.8003144,51.0036716
9099,Gent X,3.7297416,51.0601829
9100,Nieuwkerken-Waas,4.1775401,51.1935108
9100,Sint-Niklaas,4.1544255,51.1559033
9111,Belsele,4.0861828,51.1428369
9112,Sinaai-Waas,4.0444238,51.1563307
9120,Beveren-Waas,4.253543,51.21413
9120,Haasdonk,4.2378789,51.1810333
9120,Kallo,4.2786812,51.2526476
9120,Melsele,4.2822314,51.2224882
9120,Vrasene,4.1944794,51.2193961
9130,Doel,4.2649749,51.3105976
9130,Kallo,4.2786812,51.2526476
9130,Kieldrecht,4.1755238,51.2894202
9130,Verrebroek,4.1888455,51.2555891
9140,Elversele,4.1433446,51.1145439
9140,Steendorp,4.2706342,51.1258102
9140,Temse,4.21275,51.12955
9140,Tielrode,4.1639796,51.114781
9150,Bazel,4.2983585,51.147512
9150,Kruibeke,4.3123069,51.1706378
9150,Rupelmonde,4.2903448,51.1274074
9160,Daknam,3.987354,51.1278368
9160,Eksaarde,3.9586263,51.1471563
9160,Lokeren,3.9940663,51.1023413
9170,De Klinge,4.0900407,51.256206
9170,Meerdonk,4.145993,51.2607213
9170,Sint-Gillis-Waas,4.127268,51.219951
9170,Sint-Pauwels,4.0977458,51.193303
9180,Moerbeke-Waas,3.94401,51.173409
9185,Wachtebeke,3.86055,51.17095
9190,Kemzeke,4.0756996,51.2062441
9190,Stekene,4.0444319,51.205488
9200,Appels,4.0541409,51.0293011
9200,Baasrode,4.1577249,51.0378102
9200,Dendermonde,4.1019931,51.0254867
9200,Grembergen,4.1056631,51.0550925
9200,Mespelare,4.0691846,50.9960845
9200,Oudegem,4.0612485,51.0091316
9200,Schoonaarde,4.0151259,51.0035338
9200,Sint-Gillis-Dendermonde,4.1079187,51.021636
9220,Hamme,4.1333333,51.0833333
9220,Moerzeke,4.1557302,51.0666518
9230,Massemen,3.8734909,50.9808891
9230,Westrem,3.8613947,50.969757
9230,Wetteren,3.8896461,51.0028673
9240,Zele,4.0403498,51.0700765
9250,Waasmunster,4.090552,51.110895
9255,Buggenhout,4.2010994,51.0136735
9255,Opdorp,4.21918,51.02806
9260,Schellebelle,3.9288305,51.0115409
9260,Serskamp,3.9221247,50.99082
9260,Wichelen,3.9735809,51.0048213
9270,Kalken,3.9183591,51.0383253
9270,Laarne,3.8535642,51.0304277
9280,Denderbelle,4.0907494,51.0009562
9280,Lebbeke,4.1166667,51
9280,Wieze,4.0836695,50.9786176
9290,Berlare,4.0058218,51.0174273
9290,Overmere,3.9466434,51.0465707
9290,Uitbergen,3.9541747,51.022548
9300,Aalst,4.0409133,50.937793
9308,Gijzegem,4.051058,50.9837657
9308,Hofstade,4.0317903,50.9608451
9310,Baardegem,4.141577,50.9549555
9310,Herdersem,4.0659206,50.9700983
9310,Meldert,4.1354329,50.934325
9310,Moorsel,4.0983842,50.9478217
9320,Erembodegem,4.060892,50.9206095
9320,Nieuwerkerken,4.0046831,50.9234243
9340,Impe,3.9498849,50.9604418
9340,Lede,3.9773269,50.9658713
9340,Oordegem,3.9028634,50.9565245
9340,Smetlede,3.9277109,50.9660082
9340,Wanzele,3.9558401,50.9741071
9400,Appelterre-Eichem,3.9669736,50.8187951
9400,Denderwindeke,4.0247359,50.7980879
9400,Lieferinge,4.0525752,50.7919279
9400,Nederhasselt,3.9751089,50.8468981
9400,Ninove,4.018803,50.8336435
9400,Okegem,4.0555127,50.8554922
9400,Voorde,3.9448617,50.8246285
9401,Pollare,4.0068855,50.8172312
9402,Meerbeke,4.0407347,50.8238384
9403,Neigem,4.0618153,50.8033904
9404,Aspelare,3.957471,50.8433311
9406,Outer,3.9993364,50.8416281
9420,Aaigem,3.9372245,50.889158
9420,Bambrugge,3.9287832,50.9218777
9420,Burst,3.9202801,50.9134028
9420,Erondegem,3.9554259,50.9408215
9420,Erpe,3.9768861,50.9338285
9420,Mere,3.968053,50.9224188
9420,Ottergem,3.9446055,50.9338291
9420,Vlekkem,3.931606,50.936432
9450,Denderhoutem,4.0184815,50.8709652
9450,Haaltert,4.0056515,50.90244
9450,Heldergem,3.960628,50.8749786
9451,Kerksken,3.9920928,50.8902903
9470,Denderleeuw,4.0707683,50.884149
9472,Iddergem,4.0487529,50.8745041
9473,Welle,4.055587,50.8990369
9500,Geraardsbergen,3.8871336,50.7705978
9500,Goeferdinge,3.8414944,50.7673697
9500,Moerbeke,3.9179326,50.752437
9500,Nederboelare,3.8630757,50.7707473
9500,Onkerzele,3.9164649,50.7854778
9500,Ophasselt,3.8913282,50.8211821
9500,Overboelare,3.8630955,50.7622737
9500,Viane,3.9227668,50.7435153
9500,Zarlardinge,3.8286395,50.7621167
9506,Grimminge,3.9441263,50.7938805
9506,Idegem,3.9267805,50.7999931
9506,Nieuwenhove,3.9866164,50.7875782
9506,Schendelbeke,3.8948669,50.7957523
9506,Smeerebbe-Vloerzegem,3.9210352,50.815712
9506,Waarbeke,3.9687964,50.7782217
9506,Zandbergen,3.9461797,50.7946427
9520,Bavegem,3.8657862,50.9442706
9520,Oombergen,3.8370058,50.8990217
9520,Sint-Lievens-Houtem,3.8544167,50.9206626
9520,Vlierzele,3.8956082,50.9312501
9520,Zonnegem,3.9087653,50.9262262
9521,Letterhoutem,3.8820403,50.9263891
9550,Herzele,3.8986569,50.8535314
9550,Hillegem,3.8541872,50.8955518
9550,Sint-Antelinks,3.9253359,50.850217
9550,Sint-Lievens-Esse,3.8855951,50.8570756
9550,Steenhuize-Wijnhuize,3.8757417,50.8457249
9550,Woubrechtegem,3.9158202,50.8729342
9551,Ressegem,3.9096039,50.8920412
9552,Borsbeke,3.8932,50.9048954
9570,Deftinge,3.8396638,50.7873351
9570,Sint-Maria-Lierde,3.8390631,50.8183551
9571,Hemelveerdegem,3.8569442,50.8069634
9572,Sint-Martens-Lierde,3.8227044,50.8046682
9600,Renaix,3.6005095,50.7505367
9620,Elene,3.8102911,50.890414
9620,Erwetegem,3.8187486,50.8534264
9620,Godveerdegem,3.8299361,50.862263
9620,Grotenberge,3.8334131,50.8730328
9620,Leeuwergem,3.8302773,50.8881102
9620,Oombergen,3.8370058,50.8990217
9620,Sint-Goriks-Oudenhove,3.7860345,50.853376
9620,Sint-Maria-Oudenhove,3.7961149,50.8332892
9620,Strijpen,3.7876333,50.8680225
9620,Velzeke-Ruddershove,3.7808616,50.8856442
9620,Zottegem,3.8107094,50.8695474
9630,Beerlegem,3.7167363,50.9058963
9630,Dikkele,3.7421149,50.9041388
9630,Hundelgem,3.7483584,50.8895095
9630,Meilegem,3.6989579,50.9049599
9630,Munkzwalm,3.7330622,50.8778017
9630,Paulatem,3.7156505,50.8962994
9630,Roborst,3.7517319,50.8655452
9630,Rozebeke,3.7527652,50.8496528
9630,Sint-Blasius-Boekel,3.719383,50.8516744
9630,Sint-Denijs-Boekel,3.711336,50.8649078
9630,Sint-Maria-Latem,3.7068644,50.890211
9636,Nederzwalm-Hermelgem,3.6863847,50.8875058
9660,Brakel,3.76382,50.80276
9660,Elst,3.7386165,50.8312919
9660,Everbeek,3.8082788,50.7629802
9660,Michelbeke,3.7629436,50.8334231
9660,Nederbrakel,3.7521934,50.8030762
9660,Opbrakel,3.7569851,50.7970364
9660,Sint-Maria-Oudenhove,3.7961149,50.8332892
9660,Zegelsem,3.7181357,50.8188341
9661,Parike,3.7979447,50.7848195
9667,Sint-Kornelis-Horebeke,3.6983276,50.834426
9667,Sint-Maria-Horebeke,3.691596,50.84049
9680,Etikhove,3.6266634,50.812527
9680,Maarke-Kerkem,3.6541835,50.815968
9681,Nukerke,3.5947056,50.79703
9688,Schorisse,3.6769838,50.8044682
9690,Berchem,3.5095443,50.7901621
9690,Kwaremont,3.5253769,50.7767287
9690,Ruien,3.4829674,50.770725
9690,Zulzeke,3.5708891,50.7889651
9700,Bevere,3.5875451,50.8523695
9700,Edelare,3.6287307,50.8302334
9700,Eine,3.620744,50.867937
9700,Ename,3.6319101,50.8570277
9700,Heurne,3.6287389,50.8837448
9700,Leupegem,3.6018007,50.8329265
9700,Mater,3.6635537,50.8424603
9700,Melden,3.5642799,50.8138095
9700,Mullem,3.6030581,50.8912265
9700,Nederename,3.6348815,50.8667191
9700,Ooike,3.5771661,50.8675682
9700,Oudenaarde,3.6014367,50.8469306
9700,Volkegem,3.6427814,50.8393802
9700,Welden,3.6555399,50.8784011
9750,Huise,3.5896534,50.8993266
9750,Ouwegem,3.5992209,50.9115762
9750,Zingem,3.6526704,50.9013629
9770,Kruishoutem,3.5373587,50.9275809
9771,Nokere,3.5105895,50.8850943
9772,Wannegem-Lede,3.5515066,50.889802
9790,Elsegem,3.5353615,50.8245725
9790,Moregem,3.5614071,50.8504552
9790,Ooike,3.5510607,50.8698651
9790,Petegem-Aan-De-Schelde,3.556078,50.8333051
9790,Wortegem,3.5102432,50.8520887
9800,Astene,3.5604333,50.9837892
9800,Bachte-Maria-Leerne,3.5783676,51.0108541
9800,Deinze,3.5235857,50.9875642
9800,Gottem,3.461345,50.9649581
9800,Grammene,3.4648864,50.9771417
9800,Meigem,3.5404289,51.0168961
9800,Petegem-Aan-De-Leie,3.5338779,50.9800082
9800,Sint-Martens-Leerne,3.5877172,51.0154398
9800,Vinkt,3.4793989,51.0081641
9800,Wontergem,3.4445577,50.9794219
9800,Zeveren,3.5011056,50.9962852
9810,Eke,3.6374551,50.9580565
9810,Nazareth,3.5951408,50.9597659
9820,Bottelare,3.7537909,50.9631988
9820,Lemberge,3.7729677,50.9781227
9820,Melsen,3.6940645,50.9563191
9820,Merelbeke,3.743923,50.9925349
9820,Munte,3.7441552,50.9450049
9820,Schelderode,3.7155352,50.9713789
9830,Sint-Martens-Latem,3.6287716,51.0135066
9831,Deurle,3.6043494,51.0092272
9840,De Pinte,3.64936,50.99177
9840,Zevergem,3.6961517,50.9791445
9850,Hansbeke,3.5356476,51.0747168
9850,Landegem,3.5731481,51.0567048
9850,Merendree,3.577022,51.0777421
9850,Nevele,3.5478736,51.0343466
9850,Poesele,3.5161497,51.033991
9850,Vosselare,3.5574385,51.0294647
9860,Balegem,3.7934984,50.9204927
9860,Gijzenzele,3.8154698,50.9705888
9860,Landskouter,3.7928735,50.9683883
9860,Moortsele,3.779462,50.9590134
9860,Oosterzele,3.815505,50.9467656
9860,Scheldewindeke,3.7855184,50.9383982
9870,Machelen,3.4880452,50.958822
9870,Olsene,3.4657328,50.9362129
9870,Zulte,3.4437733,50.9219214
9880,Aalter,3.4323446,51.0769076
9880,Lotenhulle,3.4655772,51.0483873
9880,Poeke,3.4440488,51.040935
9881,Bellem,3.4906454,51.0884355
9890,Asper,3.6510321,50.9160245
9890,Baaigem,3.7219346,50.9296017
9890,Dikkelvenne,3.6874247,50.9190023
9890,Gavere,3.663113,50.92634
9890,Semmerzake,3.6647202,50.9430929
9890,Vurste,3.6843031,50.9490931
9900,Eeklo,3.5638826,51.1851149
9910,Knesselare,3.4127585,51.1389455
9910,Ursel,3.4856153,51.1294092
9920,Lovendegem,3.6285575,51.1075935
9921,Vinderhoute,3.6407214,51.0869089
9930,Zomergem,3.5611179,51.1148946
9931,Oostwinkel,3.5252604,51.1508463
9932,Ronsele,3.5516605,51.1309736
9940,Ertvelde,3.7466865,51.1787632
9940,Evergem,3.7067231,51.1101028
9940,Kluizen,3.7303321,51.1557298
9940,Sleidinge,3.6789117,51.1319702
9950,Waarschoot,3.603095,51.150958
9960,Assenede,3.7510157,51.2269806
9961,Boekhoute,3.7181501,51.2581738
9968,Bassevelde,3.6777432,51.2300624
9968,Oosteeklo,3.6883778,51.1920171
9970,Kaprijke,3.6186057,51.223075
9971,Lembeke,3.6330207,51.1945809
9980,Sint-Laureins,3.5329424,51.2361689
9981,Sint-Margriete,3.5469357,51.2803944
9982,Sint-Jan-In-Eremo,3.5768505,51.2737009
9988,Waterland-Oudeman,3.5902999,51.2888925
9988,Watervliet,3.6270198,51.2765175
9990,Maldegem,3.4486611,51.209082
9991,Adegem,3.4900074,51.2045152
9992,Middelburg,3.4150935,51.2547106
